name,segment,sector,location,email,phone,current_web_presence,evidence_of_need,why_they_would_pay,business_type_guess,source_url,notes
LNC Landscapes & Paving,North England — Trades,Landscaper / paving,"Preston, Lancashire",Info.lnclandscapes@mail.com,,"Facebook business page only; exact-email search surfaces no website, and the business uses a free mail.com address","Active landscaping/paving firm reachable only via Facebook; no domain, no portfolio site for a visual trade",Paving and landscaping are high-ticket jobs (thousands per project) won on photo portfolios; a gallery site plus local SEO for 'landscaping Preston' directly converts quotes,unknown,https://www.facebook.com/LncLandscapes,
JLB Roofing,North England — Trades,Roofer,"Stockport, Greater Manchester",JLBRoofing21@gmail.com,,"Free Wix subdomain only (jlbroofing21.wixsite.com/jlbroofing), no custom domain",12 years' trading experience but still on a free website-builder subdomain with a gmail contact address,"Established roofing repair/maintenance business already understands the value of a web presence (built the Wix page themselves); upgrading to a proper domain and site is a natural, affordable next step",sole trader,https://jlbroofing21.wixsite.com/jlbroofing,
Davison Plastering,North England — Trades,Plasterer,Newcastle upon Tyne,davisonplastering@gmail.com,,"Facebook page (100% recommended, 23 reviews) and Checkatrade profile; no own website found","Strong reputation (Facebook reviews, Checkatrade, Instagram) with no site to capture it; pays Checkatrade for leads instead","Run by Wayne Davison, handles full-house projects; a review-showcasing site would reduce reliance on paid directories and win larger renovation jobs",sole trader,https://www.facebook.com/Davisonplastering/,
Leeds Electrical Contractors,North England — Trades,Electrician,"Leeds, West Yorkshire",leedselectricalcontractors@gmail.com,+44 7710 607143,"Facebook page only (100% recommendation, 15 reviews); no website found in searches","Offers domestic, commercial and renewables work but is invisible outside Facebook; business name is itself a high-value search keyword going unused",Commercial and renewables (EV/solar) clients expect a website before engaging; an exact-match-name domain would rank quickly for 'electrical contractors Leeds',unknown,https://www.facebook.com/leedselectricalcontractors/,
Lomas Joinery,North England — Trades,Joiner / carpenter,"Sheffield, South Yorkshire",lomasjoinery@gmail.com,,"Facebook page (40 reviews, 100% recommended) plus a basic Yell.com listing; no own website",40 five-star-equivalent reviews with nowhere permanent to show workmanship photos; relies on Facebook and Yell only,Bespoke joinery is portfolio-driven and higher-margin; a gallery website converts the existing review base into larger fitted-furniture and staircase jobs,sole trader,https://www.facebook.com/lomasjoinery/,
Roscoe Roofing Services Ltd,North England — Trades,Roofer,"Liverpool (Whiston/Knowsley), Merseyside",roscoeroofingservices@gmail.com,07519140139,"Directory listings only (handybuilders.co.uk, ThreeBestRated Knowsley, ZoomInfo); no own website found",Constructionline Gold member and Confederation of Roofing Contractors member bidding for commercial work with no website and a gmail address,"Already invests in accreditations (CORC, Constructionline Gold, 10-year insurance-backed guarantees) to win commercial contracts; a credible website is the missing piece of that same sales infrastructure",ltd company,https://www.handybuilders.co.uk/business/roscoe-roofing-services,
SM Plastering Services,North England — Trades,Plasterer,Newcastle upon Tyne,smplasteringservices1@gmail.com,,"Facebook page only (100% recommendation, 39 reviews); no website found",Well-reviewed active business whose entire online presence is one Facebook page,39 strong reviews prove steady work; a simple site with before/after photos and the review feed would capture non-Facebook customers searching for plasterers in Newcastle,unknown,https://www.facebook.com/SmPlasteringServices/,
Tip Top Landscapes York,North England — Trades,Landscaper,"York, North Yorkshire",tiptoplandscapesyork@gmail.com,,Facebook page only (7 reviews); no UK website — tiptoplandscapes.com belongs to an unrelated US firm,"Growing business with a handful of reviews and no site; even its natural domain name space is occupied by a US company, making local branding urgent","Bespoke landscaping in York is a competitive, high-ticket market; a .co.uk site with a project gallery differentiates them from FB-only rivals and justifies premium quotes",unknown,https://www.facebook.com/TipTopLandscapesYork/,
G. Lyons Roofing Specialist,North England — Trades,Roofer (slating and tiling),"Asket Hill, Leeds LS8, West Yorkshire",glyonsroofings@gmail.com,+44 7960 607767,Facebook page only (page handle is literally his phone number); no website found,"Sole-trader roofer marketing purely through Facebook pages named after his phone number — no domain, no SEO presence at all","Roof repairs are urgent, search-driven purchases; a one-page site ranking for 'roofer Leeds LS8' would deliver jobs he currently never sees",sole trader,https://www.facebook.com/slatertiler01134180181/,
Gareth Jones Electrical,North England — Trades,Electrician,"Bolton, Greater Manchester",garethjoneselectrical@gmail.com,+44 7776 412018,"Facebook page only; self-employed electrician covering Greater Manchester, no website found",Explicitly self-employed and covering a wide Greater Manchester area with nothing but a Facebook page and gmail address,Electricians need to show certifications and coverage area to win landlord/EICR work; a simple credentials site plus Google Business integration is a proven quote-generator,sole trader,https://www.facebook.com/gjoneselectrical84/,
S.C. Walsh Plumbing & Heating,North England — Trades,Plumber / heating engineer,"Sheffield, South Yorkshire",scwalshplumbing@gmail.com,+44 7477 107089,Facebook page only; no website found,Active Sheffield plumbing and heating trader contactable only through Facebook and a gmail address,"Boiler and heating work is high-value and urgent; customers searching 'plumber Sheffield' never find Facebook-only firms, so a basic site pays for itself in one boiler job",sole trader,https://www.facebook.com/p/SCWalsh-Plumbing-Heating-61552796373309/,
Greystones Plumbing & Heating Ltd,North England — Trades,Plumber / heating engineer,"Sheffield S11, South Yorkshire",greystonesplumbingandheating@gmail.com,07879 818464,"Facebook page plus directory listings (Yell, Cylex, 192.com); registered ltd company with no own website found","Companies House-registered ltd (no. 10940030) trading since 2017 across plumbing, heating and gas, still with no standalone website",An 8-year-old limited company doing gas work has the revenue and the compliance mindset (Gas Safe) to invest in a professional site that consolidates its scattered directory presence,ltd company,https://sheffield.cylex-uk.co.uk/company/greystones-plumbing---heating-ltd-26322539.html,
JMH Painting & Decorating,North England — Trades,Painter and decorator,"Liverpool, Merseyside",Joss1988.liverpool@gmail.com,+44 7368 386172,Facebook page only; contact is a personal gmail address,Fully qualified decorator with 15+ years' experience whose only online presence is a Facebook page and a personal-style email,Decorating sells on finish-quality photos; a portfolio site plus a branded email would let 15 years of experience command better-paying domestic and commercial work,sole trader,https://www.facebook.com/JMHpainting/,
A.S Plaster Experts,North England — Trades,Plasterer,"South Manchester, Greater Manchester",Angelo.shepherd46@gmail.com,,Facebook page only; no website found in searches,"10 years' experience, marketed as clean and reliable, but reachable only via Facebook and a personal gmail address",South Manchester (Didsbury/Chorlton belt) is an affluent renovation market where competitors with websites take the skim-and-render work; a simple site levels the field,sole trader,https://www.facebook.com/A.S.PlasterExperts/,
I.S.G Painter and Decorator,North England — Trades,Painter and decorator,Newcastle upon Tyne,iansg85@gmail.com,+44 7542 663692,Facebook page only; no website found,Time-served tradesman (Ian Stuart Gordon) with Facebook page as sole online presence,A low-cost one-page site with photos and reviews would keep his diary full outside word-of-mouth season; decorators with sites win the landlord and new-build touch-up contracts,sole trader,https://www.facebook.com/IanStuartGordon/,
DC Joinery & Property Maintenance LTD,North England — Trades,Joiner / property maintenance,"Leeds, West Yorkshire",DCJoinery94@gmail.com,+44 7581 731833,Facebook page only; no website found,Trading as a limited company covering joinery and property maintenance with no site and a gmail contact,"Property maintenance contracts (letting agents, landlords) require a credible web presence to get on approved-supplier lists; the ltd structure signals ambition beyond odd jobs",ltd company,https://www.facebook.com/DCJoinery19/,
North Leeds Joinery,North England — Trades,Joiner / carpenter,"Chapel Allerton, Leeds, West Yorkshire",madeinchapelallerton@gmail.com,+44 7928 935022,Facebook page only; no website found,Carpenter with a strong local brand ('Made in Chapel Allerton') but no website to own it; area-name business name is wasted without search presence,"Chapel Allerton/North Leeds is an affluent suburb where bespoke joinery (alcove units, wardrobes) commands premium prices; a portfolio site converts that demand directly",sole trader,https://www.facebook.com/NorthLeedsJoinery/,
BMT Building & Joinery,North England — Trades,Builder / joiner,"Wakefield and Leeds, West Yorkshire",Bmtbuildingjoinery@gmail.com,+44 7944 883136,Facebook page only; no website found,Covers building and joinery across the Leeds and Wakefield area with only a Facebook page and gmail address,"Building work (extensions, refurbs) involves five-figure quotes where homeowners vet firms online first; lacking a website loses jobs at the shortlist stage",unknown,https://www.facebook.com/BMTjoinery/,
M.S Plumbing and Heating,North England — Trades,Plumber / heating engineer,Newcastle upon Tyne,msplumb20@gmail.com,+44 7738 352575,"Facebook page only (Hastings Drive, Newcastle); no website found",Local plumbing and heating trader whose entire discoverable presence is a Facebook page,"Emergency plumbing and boiler callouts come from Google searches, not Facebook; a mobile-first site with click-to-call directly generates billable callouts",sole trader,https://www.facebook.com/msplumbing7/,
RM Landscaping Services,North England — Trades,Landscaper,"Manchester, Greater Manchester",rmlandscapeservices2020@gmail.com,+44 7935 886776,Facebook page only; no website found,Manchester landscaping firm (trading since ~2020 per email handle) with no web presence beyond Facebook,"Landscaping quotes in Greater Manchester routinely run into thousands; a before/after portfolio site plus seasonal SEO (decking, patios, turfing) captures buyers who never open Facebook",unknown,https://www.facebook.com/RMlandscapingservices/,
Café Fame,Scotland/Wales/NI — Hospitality,Café / wine bar,"127 Hope Street, Glasgow, Scotland",Cafefameglasgow@gmail.com,,"Facebook and Instagram only, plus auto-generated menu-directory pages (mymenuweb.com, sluurpy); no own website found",Italian-style café/wine bar on a prime city-centre street with no site of its own; menu only visible via third-party scraped directories,City-centre café/wine bar competing for lunch and after-work trade; a site with menu and booking would capture customers currently found only via scraped directory pages,unknown,https://www.facebook.com/cafefameglasgow/,
Café Swiss,Scotland/Wales/NI — Hospitality,Café,"311 Byres Road, Glasgow, Scotland",cafeswiss1@gmail.com,+44 141 357 2525,No own website; contact details appear only on third-party pages such as the fetesuzette.com Glasgow travel guide,"Long-standing West End café whose email/phone are only discoverable via a travel blog; no site, no online menu",Byres Road has heavy student/tourist footfall; even a simple menu-and-hours site would win business currently going to neighbouring cafés with web presence,unknown,https://fetesuzette.com/glasgow/,
Cloud Cafe Glasgow,Scotland/Wales/NI — Hospitality,Café,"Glasgow, Scotland",cloudcafeglasgow@gmail.com,,Facebook and Instagram only (self-described 'Glasgow most hidden cafe'); listed on restaurantguru.com; no own website,Describes itself as hidden; discoverability relies entirely on social media and scraped directory listings,A 'hidden' café with only ~2k Instagram followers needs basic SEO presence (site + Google Business link) to convert searches into visits,unknown,https://www.facebook.com/p/Cloud-cafe-Glasgow-100092179873102/,
E-Street Café,Scotland/Wales/NI — Hospitality,Café / brunch restaurant,"421 Clarkston Road, Glasgow (Southside), Scotland",estreetglasgow@gmail.com,+44 141 633 2413,"Facebook page plus auto-generated microsites (wheree.com, goto-where.com, com-fnb.com) and Tripadvisor; no own website","Rated 4.9 and ranked #16 of 2,260 Glasgow restaurants on Tripadvisor yet has no site of its own — its 'websites' are scraped third-party templates","Exceptional reviews and only seven tables — a proper site with menu, hours and walk-in/waitlist info would convert its Tripadvisor reputation into direct trade",unknown,https://estreet-caf.wheree.com/,
HUG Café,Scotland/Wales/NI — Hospitality,Café / bar and music space,"17 Skirving Street, Shawlands, Glasgow, Scotland",grouphugglasgow@gmail.com,+44 141 632 3466,Facebook and whatsonglasgow.co.uk listing; the domain cafehug.co.uk that appears in search results no longer resolves (DNS failure),Independent family-run café/bar/art venue whose former website domain is dead; contact email only visible on a listings site,"Runs events, art and music nights that need a live listings page; a dead domain means lost search traffic they previously had",unknown,https://www.whatsonglasgow.co.uk/listings/hug-cafe/,
Toast Cafe @ Lindos,Scotland/Wales/NI — Hospitality,Café / takeaway,"419 Gallowgate, Glasgow, Scotland",toastcafeglasgow@gmail.com,,"Facebook page plus a white-label online-ordering microsite (toastcafeglasgow.co.uk, Foodhub-style template); also sells via Just Eat and Foodhub","Own 'website' is a templated ordering portal; significant order volume flows through Just Eat/Foodhub, which charge commission on every order","Every Just Eat order costs commission; a branded site with direct ordering has a clear, quantifiable payback for a busy takeaway café",unknown,https://m.facebook.com/Toastcafeglasgow/about/,
Hatch,Scotland/Wales/NI — Hospitality,"Café (coffee, brunch, burgers)","127 Falls Road, Belfast, Northern Ireland",hatchbelfast@gmail.com,,Instagram (@belfasthatch) and a listing on the visitwestbelfast.com tourism directory; no own website,Seven-day café on a busy tourist route (Falls Road murals) whose only bookable/contactable presence is a directory microsite and Instagram,Falls Road tourist footfall searches 'brunch near me' — without a site they lose that traffic to aggregators and competitors,unknown,https://visitwestbelfast.com/cafes/,
The Laurel Leaf (Bistro 155),Scotland/Wales/NI — Hospitality,Pub / sports bar with bistro,"Twin Spires Centre, 155 Northumberland Street, Belfast, Northern Ireland",thelaurelleafbelfast@gmail.com,028 9024 3701,"Directory listings only (visitwestbelfast.com, Yelp, Pubs Galore, Fanzo, Tripadvisor); no own website","Pub with bistro, beer garden and private-function trade since 2015, yet function enquiries rely on phone or a directory-listed Gmail",Private functions and match-day food bookings are high-value; a site with function-room enquiry form and menus directly drives that revenue,unknown,https://visitwestbelfast.com/pubsandclubs/,
Roseneath Guest House,Scotland/Wales/NI — Hospitality,Guest house / B&B,"Dalriach Road, Oban, Argyll, Scotland",info@roseneathoban.com,,"Former domain roseneathoban.com is expired/hijacked — it now serves unrelated content ('Just Fish Cafe', dental pages); live presence is the explore-oban.com directory listing","Their own domain has been taken over by junk content while the guest house is still trading via directory listings — an urgent, visible web problem","Oban is a high-demand tourist hub; without a working site all bookings flow through commission OTAs, and the hijacked domain actively damages their brand",sole trader,https://www.explore-oban.com/accommodation/b-and-bs-and-guest-hosues/roseneath-guest-house/,
Cameron House,Scotland/Wales/NI — Hospitality,Guest house / B&B,"Strathaven Terrace, Breadalbane Street, Oban, Argyll, Scotland",cameronguesthouse@googlemail.com,07922 192914,Free Weebly site (cameron-house.weebly.com) plus explore-oban.com directory listing,Only web presence beyond directories is a free-builder Weebly subdomain with no booking engine or own domain,Oban guest houses pay 15%+ OTA commission per booking; a proper domain with direct booking pays for itself within a season,sole trader,https://www.explore-oban.com/accommodation/b-and-bs-and-guest-hosues/,
Home Cookin' Restaurant,Scotland/Wales/NI — Hospitality,Restaurant,"139 Upper Mostyn Street, Llandudno, Conwy, Wales",homecookinllandudno@aol.com,,Facebook page and top100attractions.com directory listing; no own website (email also publicised via their X/Twitter account),Trading 30+ years in a major seaside resort with no website; even job ads are run through Facebook/X using an AOL address,Llandudno's tourist trade searches online before dining; an established 30-year restaurant has the revenue and the clearest gap to fill,unknown,https://top100attractions.com/attractions/item/home-cookin-restaurant,
Caffi Maes - Bar Bach,Scotland/Wales/NI — Hospitality,Café / bar,"Caernarfon, Gwynedd, Wales",caffimaes@googlemail.com,01286 673111,Instagram (@caffimaescaernarfon) and a welcometocaernarfon.com directory microsite; no own website,Café/bar on Caernarfon's castle square with only a tourism-directory listing and Instagram; no menu or hours online under its own name,Sits beside a UNESCO castle drawing huge tourist volumes; a bilingual (Welsh/English) site would capture visitor searches it currently misses,unknown,https://www.instagram.com/caffimaescaernarfon/,
Eastern Origin Restaurant,Scotland/Wales/NI — Hospitality,Chinese restaurant,"9 High Street, Bangor, Gwynedd, Wales",easternoriginrestaurant@gmail.com,01248 361878,Free Wix subdomain site (easternoriginresta.wixsite.com) plus welcometocaernarfon.com directory listing,"An incorporated restaurant (Eastern Origin Restaurant Ltd, Companies House 04980379) whose only site is a free wixsite.com subdomain — no own domain, weak SEO",Takeaway/dine-in Chinese restaurants lose margin to ordering platforms; an own-domain site with online ordering is a direct revenue upgrade from the free Wix page,ltd company,https://easternoriginresta.wixsite.com/website/contact,
Sleepy Puffin,Scotland/Wales/NI — Hospitality,Guest house / B&B,"14 Deer Park, Tenby, Pembrokeshire, Wales",info@sleepypuffin.co.uk,01834 844486,"Own WordPress site (sleepypuffin.co.uk) that still contains unedited theme demo content (placeholder 'personnel' page for 'Saul Goodman', dummy portfolio entries)",Half-built DIY site with template dummy pages live in production — clearly abandoned mid-setup and unprofessional to potential guests,They already tried to build a site (demonstrated intent) but couldn't finish it; Tenby's seasonal demand makes direct bookings valuable,sole trader,https://www.sleepypuffin.co.uk/contact-us/,
Tenby House Hotel,Scotland/Wales/NI — Hospitality,Pub / small hotel,"Tenby, Pembrokeshire, Wales",email@tenbyhouse.net,,Own site tenbyhousehotel.com but visibly dated 2000s-style with a keyword-stuffed page title hundreds of characters long; also listed on Booking.com and OTA scraper sites,"The site's SEO-spam-era title tag ('Pembrokeshire pub, Pembrokeshire hotel | Tenby pub | bar meals Tenby | real ales Tenby...') marks a site untouched for many years","16-bedroom hotel with pub, beach bar and events (registered as Tenby House Hotel Limited, 05362662) — room bookings leaking to Booking.com commission justify a modern direct-booking site",ltd company,https://www.tenbyhousehotel.com/,
Dromard House B&B,Scotland/Wales/NI — Hospitality,B&B / guest house,"127 Belfast Road, Enniskillen, Co Fermanagh, Northern Ireland",dromardhouse@yahoo.co.uk,+44 28 6638 7250,"Facebook page plus directory listings (discovernorthernireland.com, fermanaghlakelands.com) and Booking.com; no own website found","4-star serviced rooms and a self-catering suite marketed only via tourism directories, Facebook and commission OTAs",Established 4-star B&B with strong reviews paying Booking.com commission on most reservations; direct-booking site has an obvious ROI story,sole trader,https://discovernorthernireland.com/accommodation/dromard-house-p678071,RE-VERIFY source before contact
Bonnieview B&B,Scotland/Wales/NI — Hospitality,B&B,"69 Ardlougher Road, Irvinestown, Co Fermanagh, Northern Ireland",elizabethmcintosh1@btinternet.com,,"Directory listings only (top100attractions.com, discovernorthernireland.com); no own website",Country B&B just off the Enniskillen–Kesh road contactable only via a personal btinternet address shown on tourism directories,Fermanagh Lakelands tourism is growing; without a site the B&B is invisible outside directory pages and loses direct bookings to OTA-listed rivals,sole trader,https://top100attractions.com/attractions/item/bonnieview-b-b,
Tilery Bed and Breakfast,Scotland/Wales/NI — Hospitality,B&B,"134 Swanlinbar Road, Florencecourt, Enniskillen, Co Fermanagh, Northern Ireland",clairestranney@gmail.com,,"Directory listings only (discovernorthernireland.com, fermanaghlakelands.com, whatsonni.com, trivago); no own website found",Classic country-home B&B near Cuilcagh Geopark with no independent web presence; bookings depend on directories and OTAs,Cuilcagh boardwalk ('Stairway to Heaven') drives major visitor searches to this exact area; a simple booking site would capture that intent directly,sole trader,https://discovernorthernireland.com/accommodation/tilery-bed-and-breakfast-p707651,
Ty Newydd Guest House,Scotland/Wales/NI — Hospitality,Guest house / B&B,"Trefriw, near Llanrwst, Conwy, Wales",tynewyddtrefriw@aol.com,01492 641210,"Directory listings only (visitwales.com, visitconwy.org.uk); no own website found",Large Victorian guest house in the Conwy valley contactable only via an AOL address on tourism-board listings,Snowdonia/Eryri visitor demand is strong year-round; without a site they cannot take direct bookings at all and depend wholly on directories,sole trader,https://www.visitwales.com/accommodation/guest-house/ty-newydd-guest-house-569361,
Sefton Court Guest House,Scotland/Wales/NI — Hospitality,Guest house / B&B (10 rooms),"49 Church Walks, Llandudno, Conwy, Wales",info@seftoncourt-hotel.co.uk,,"Own legacy static-HTML site (hand-built pages like room4.html, guest-book.html, contact.php); actively sells via Booking.com and Tripadvisor",Site structure is old hand-coded static HTML with per-room .html pages — a pre-modern build — while guest reviews and bookings accumulate on commission platforms instead,Family-run for 20+ years with 8.9 Booking.com score and 4.5 Tripadvisor rating; shifting even a fraction of OTA bookings to a modern direct-booking site saves significant commission,sole trader,https://www.seftoncourt-hotel.co.uk/contact.php,
Lash Lab,Midlands — Beauty & Wellness,Beauty - eyelash extensions,"Birmingham, West Midlands",Lashhlab@gmail.com,,Facebook page (facebook.com/LashhLab) and Instagram (@__lashlab) only; no website found,"Fully qualified and insured lash technician taking bookings solely through social media DMs and email; no site to showcase pricing, portfolio or take online bookings","Lash appointments are repeat, booking-driven revenue; a simple site with online booking and a gallery would convert Instagram browsers into scheduled clients and reduce no-shows",sole trader,https://www.facebook.com/LashhLab/,
London Road Tattoo Studio,Midlands — Beauty & Wellness,Tattoo studio,"245 London Road, Stoke-on-Trent, Staffordshire",Londonroadtattoostoke@hotmail.com,01782 461617,"Facebook page (facebook.com/Londonroadtattoostoke), a Booksy booking subdomain (Londonroadtattoostudio.booksy.net) and directory listings; no own website",Established walk-in studio relying on Facebook and a third-party Booksy page; directory listings (stoke-on-trent.city-advisor.uk) fill the gap where an official site should be,Tattoo clients research artists' portfolios before booking; a portfolio site with deposit-taking would capture higher-value custom work instead of losing searchers to competitors with websites,unknown,https://www.facebook.com/Londonroadtattoostoke/,
Gemma Hawkins Tattoo,Midlands — Beauty & Wellness,Tattoo studio (private),"Longton, Stoke-on-Trent, Staffordshire",gemmahawkinstattoo@gmail.com,,Instagram and Facebook (facebook.com/Gemmahawkinstattoo) only; bookings taken by email only,"Publicly states bookings are by email only with work viewable on Instagram/Facebook; no website, no online booking or enquiry form","A private studio artist managing bookings through an inbox loses enquiries; a site with a portfolio, waitlist form and deposit payments directly monetises demand she already has",sole trader,https://www.facebook.com/Gemmahawkinstattoo/,
Juxtapose Body Piercing,Midlands — Beauty & Wellness,Body piercing,"29 Regent Street, Hinckley, Leicestershire",juxtapose-piercings@hotmail.com,,Facebook page (facebook.com/Juxtaposepiercings) only; no website found,100% recommend rating from 110 Facebook reviews but no site to surface that reputation in Google searches for 'piercing Hinckley'; all contact via Facebook/hotmail,"Piercing is appointment- and trust-driven (hygiene, licensing); a site displaying licensing, aftercare info and online booking would convert the strong review base into more bookings",sole trader,https://www.facebook.com/Juxtaposepiercings/,
Missy Nails & Spa,Midlands — Beauty & Wellness,Nail salon,"6 Cross Cheaping, Coventry CV1 1HG, West Midlands",missynailsspa.uk@gmail.com,,Facebook page and Instagram (@missynailsspa.uk) only; no website found,City-centre salon branding itself 'The Best Nail Salon in Coventry' with no website or online booking; discoverable only via social media,High-footfall city-centre location competing with salons on Treatwell/Fresha; a booking-enabled site would capture walk-in overflow and lunchtime bookers searching Google,unknown,https://www.facebook.com/p/Missy-Nails-Spa-100063958878724/,
Wesley's Wash & Wag,Midlands — Beauty & Wellness,Dog grooming,"Birmingham, West Midlands",wesleyswashwag@gmail.com,,Facebook (facebook.com/wesleyswashwag) and Instagram (@wesleyswashwag) only; no website,"City & Guilds qualified, canine first aid trained and insured, but those trust credentials live only in a Facebook 'about' box; no site, prices page or booking system",Grooming runs on 6-8 week repeat bookings; an online booking site with reminder emails locks in recurring revenue and wins 'dog groomer near me' searches Facebook pages rarely rank for,sole trader,https://www.facebook.com/wesleyswashwag/,
Dog Grooming by Hayley,Midlands — Beauty & Wellness,Dog grooming,"Derby, Derbyshire",doggroomingbyhayley@gmail.com,,Facebook page (facebook.com/doggroomingbyhayley) only; no website found,"Sole-operator groomer whose entire online presence is one Facebook page; no price list, service pages or booking outside Messenger","One-person groomers lose chair time answering Messenger enquiries; a simple site with services, prices and self-serve booking pays for itself in recovered admin hours and steady repeat slots",sole trader,https://www.facebook.com/doggroomingbyhayley/,
Pure Beauty (Penn),Midlands — Beauty & Wellness,Beauty salon / aesthetics,"193 Coalway Road, Penn, Wolverhampton, West Midlands",purebeautypenn@gmail.com,01902 238298,"Facebook (facebook.com/PureBeautyPenn) and Instagram (@purebeautypenn); the similarly named purebeautywolverhampton.co.uk domain no longer resolves (DNS failure on fetch), so no working website","Active salon reachable only via social media and phone; the .co.uk domain indexed by Google for the business fails to load, meaning searchers hit a dead link","A salon whose indexed website is dead is actively leaking bookings; rebuilding a working site with treatment menu and online booking is an easy, demonstrable fix",unknown,https://www.facebook.com/PureBeautyPenn/,
MK Dog Grooming,Midlands — Beauty & Wellness,Dog grooming,"277 Alcester Road, Kings Heath, Birmingham, West Midlands",mkgroomingsalon@gmail.com,0121 443 5910,Facebook page and Instagram (@mk.doggrooming) only; no dedicated website found in searches,"100% recommendation rating from 36 Facebook reviews and a fixed high-street salon, yet zero web presence beyond social media and third-party directories (pata.pet, thomsonlocal)",Established salon with phone-only booking; an online booking site would fill quiet weekday slots and defend against nearby groomers who rank on Google with proper sites,unknown,https://www.facebook.com/p/MK-Dog-Grooming-100063560112774/,
Five Star Nails,Midlands — Beauty & Wellness,Nail salon,"4 Kings Walk, Nottingham NG1 2AE, Nottinghamshire",fivestarnailsnott@gmail.com,07490 484104,Facebook page (facebook.com/fivestarnailsnott) plus a Fresha marketplace listing; no standalone website,City-centre salon promoting itself via Facebook videos and asking clients to 'text me' to book; booking depends on Fresha's marketplace where competitors are listed alongside,Currently pays the Fresha discovery tax and loses brand searches; an owned site with direct booking keeps client relationships (and rebooking) in-house,unknown,https://www.facebook.com/fivestarnailsnott/,
Heart Nails & Spa,Midlands — Beauty & Wellness,Nail salon,"18 Albert Street, Nottingham NG1 7DA, Nottinghamshire",heartnailsspa@gmail.com,0115 958 3632,"Facebook, Instagram and a free Firebase-hosted page (heart-nails-spa-nottingham.web.app); no proper domain or booking system","A registered limited company (HEART NAILS & SPA LIMITED, no. 14940523) operating off a free .web.app subdomain, which signals they want a website but have only a free-builder placeholder",Already invested in incorporation and a free site attempt; upgrading to a real domain with online booking is the obvious next spend and they clearly understand the need,ltd company,https://www.facebook.com/heartnailsspanottingham/,
La Petite Nail Spa Arnold,Midlands — Beauty & Wellness,Nail salon,"10 Market Place, Arnold, Nottingham NG5 6ND, Nottinghamshire",Lapetitenailspaarnold@gmail.com,0115 920 0696,Facebook and Instagram (@la_petite_nail_spa_arnold) plus directory listings only; searches found no dedicated website,"5-star rated (19 reviews) limited company (LA PETITE NAIL SPA LTD, no. 14972205) whose booking channel is 'call us during business hours' per its own Facebook posts",Phone-only booking caps a busy salon's intake; as an incorporated business with strong reviews they have budget and a clear ROI case for 24/7 online booking,ltd company,https://www.facebook.com/lapetitenailspa/,
Trixi Nail Art,Midlands — Beauty & Wellness,Nail salon / nail technician,"136a Wollaton Road, Nottingham, Nottinghamshire",beatrix.kallai.uk@gmail.com,07749 143451,"Facebook page (facebook.com/TrixiNailArt) only, listing a personal Gmail as the business contact; no website","100% recommendation rating but bookings run through a personal mobile and personal email address; no service menu, prices or booking page anywhere","Solo technician with proven demand (manicure, pedicure, extensions, lashes); a low-cost site with booking would professionalise the brand and stop enquiries going to salons that look more established online",sole trader,https://www.facebook.com/TrixiNailArt/,
The Nail Beautique,Midlands — Beauty & Wellness,Nail salon,"33 Gordon Road, West Bridgford, Nottingham NG2 5LL, Nottinghamshire",thuyduongnguyen546@gmail.com,07502 955955,Facebook (facebook.com/TheNailBeautiqueNotts) and Instagram (@nottinghamnailbeautique) only; no website found,Salon in affluent West Bridgford advertising its address and mobile number in Facebook video captions as its only contact route; business email is a personal Gmail,West Bridgford clientele expect to book online; a branded site would let them compete with the several nearby salons already on Treatwell/Fresha and capture higher-spend BIAB/gel clients,unknown,https://www.facebook.com/TheNailBeautiqueNotts/,
Vivian's Nails Salon,Midlands — Beauty & Wellness,Nail salon,"404 Nuthall Road, Nottingham NG8 5DS, Nottinghamshire",max.vu0511@gmail.com,07361 132921,"Facebook page, Instagram (@vivian.nails.nuthallroad) and a Fresha listing; no own website (only a generic third-party appbooking link)",Registered limited company (VIVIAN'S NAILS SALON LIMITED / VIVIAN'S NAIL SALON LTD) whose public contact is a personal Gmail and mobile; walk-ins and phone are the booking channels,Incorporated salon on a busy arterial road; an owned site with booking and service pages would convert drive-past awareness into scheduled appointments rather than relying on walk-ins,ltd company,https://www.facebook.com/viviansnailssalon/,
St Johns Barbers Coventry,Midlands — Beauty & Wellness,Barbershop,"159 Hearsall Lane, Coventry CV5 6HG, West Midlands",stjohnsbarberscov@gmail.com,07867 980489,"Facebook page, Instagram (@st_johns_barbers_cov) and Fresha marketplace listings; no own website","Active limited company (ST JOHNS BARBERS COVENTRY LTD, no. 14533826) open 7 days, but discoverability rests on Fresha listings and a low-follower Facebook page",Seven-day operation means chair utilisation is the whole business; a site with direct booking would lift off-peak fill and stop paying marketplace commission on regulars,ltd company,https://www.facebook.com/p/St-Johns-Barbers-Coventry-100089781731373/,
Tayper & Balla Gentlemen's Barbers,Midlands — Beauty & Wellness,Barbershop,"2 Spon Street, Coventry CV1 3BA, West Midlands",tayperballa@gmail.com,024 7622 4219,"Facebook page, Booksy and Fresha booking listings, Yell listing; press coverage (BBC, Coventry Telegraph) but no own website","A flagship independent barbershop featured in BBC and Modern Barber, sponsoring Coventry Blaze, yet all that brand equity points to third-party booking pages instead of an owned site","Premium 'barberista experience' positioning justifies premium pricing, which needs a premium web presence; they already invest in sponsorship/marketing so a website is a natural, affordable extension",unknown,https://www.facebook.com/tayperballa/,
CP's Barbers,Midlands — Beauty & Wellness,Barbershop,"353 Kenilworth Road, Balsall Common, Coventry CV7 7DL, West Midlands",porterjulie1@gmail.com,01676 530526,"Facebook page and Fresha/directory listings; directories cite cpbarbers.co.uk but that domain no longer resolves (ENOTFOUND on fetch), so no working website",Established 10+ years with a dead website domain still listed across directories - customers clicking through hit nothing; public contact is a personal Gmail,"They previously had a website (proving willingness to pay) and now have a broken web presence actively costing bookings; a rebuild with online booking is a concrete, urgent pitch",sole trader,https://www.facebook.com/CPBarbers/,
MW Hair Studio,Midlands — Beauty & Wellness,Hair salon,"80 Milton Road, Stoke-on-Trent ST1 6HD, Staffordshire",mwhairstudio1@gmail.com,01782 285878,"Facebook page (facebook.com/mwhairstudio1), Instagram and a Fresha booking listing; no own salon website","4.9-star salon (40 reviews) with a three-person team relying on Fresha and Facebook; no site presenting the team, colour services or prices",Colour work is high-ticket and consultation-driven; a site showcasing colour transformations with direct booking would attract new colour clients who won't book a big-ticket service off a bare Fresha listing,sole trader,https://www.facebook.com/mwhairstudio1,
Angel Nails Leicester,Midlands — Beauty & Wellness,Nail salon,"216 Narborough Road, Leicester LE3 2AN, Leicestershire",Angelnails.care@gmail.com,07585 698896,"Facebook page, Instagram (@angelnails_leicester), Fresha listing and a free Treatwell microsite subdomain (angelnails-leicester.mytreatwell.co.uk); no own website",Salon on Leicester's busiest independent retail street running promotions via Facebook posts; web presence is entirely rented marketplace subdomains rather than an owned domain,"Actively markets discounts (student, Blue Light, birthday) showing appetite for customer acquisition spend; an owned site would cut Treatwell/Fresha commissions and rank for 'nails Narborough Road' searches",unknown,https://www.facebook.com/angelnails.leicester/,
Liam Trans Ltd,London & South East — Services,Removals / man and van,"Colindale, London NW9",Alexandeu.lombrea10@gmail.com,+44 7889 462528,Free Wix subdomain (infoliamtrans.wixsite.com/liam-trans-london) plus Facebook page; no own domain,"Registered ltd company (Companies House 11673867, inc. 2018) still trading from a free wixsite.com subdomain with a personal Gmail as public contact",Established removals ltd competing in London's crowded man-and-van market where rivals have proper booking websites; a real domain and site directly wins quote requests,ltd company,https://infoliamtrans.wixsite.com/liam-trans-london,
Birch Gardening,London & South East — Services,Gardening,"Brighton and Hove, East Sussex",info@birchgardening.com,+44 7827 104976,"Facebook, Instagram and Nextdoor pages only; owns birchgardening.com email domain but no website found in search index",Two qualified staff (RHS-trained gardener and qualified tree surgeon) advertising redesigns and regular maintenance purely via social pages; already paid for a domain but has no site on it,"They already invested in a custom email domain, showing intent; garden design/redesign work is high-ticket and portfolio-driven, ideal for a gallery website",sole trader,https://www.facebook.com/birchgardeningFB/,
Murelli Bookkeeping Services,London & South East — Services,Bookkeeping,"Aquinas Street, London SE1",murelli.bookkeeping@gmail.com,,"Directory listings only (UK Small Business Directory, Yelp); no website","Offers VAT, payroll, self-assessment and credit-control services to SMEs and charities but is findable only via free directory profiles with a Gmail address",Professional-services clients expect a credible web presence before handing over their books; even a one-page site with services and testimonials materially raises conversion,sole trader,https://www.uksmallbusinessdirectory.co.uk/bid/233532/,
"MC4 Autos (Mobile Mechanic, Ford Specialist)",London & South East — Services,Mobile mechanic,"Beddington, Croydon CR0 (covers South London & Surrey)",mc4autos@gmail.com,+44 7415 810759,Basic self-built site at mc4autos.co.uk (homepage titled 'I am a Mobile Mechanic Covering South London & Surrey.') plus Facebook and Checkatrade; public contact is Gmail,One-man DIY site with first-person homepage copy and Gmail contact despite 5.0 Google rating and Ford/Kia dealer training since 2021,Strong reviews and dealer-level credentials are undersold by an amateur site; a professional site with booking/quote form converts his 100%-recommend reputation into work,sole trader,https://www.facebook.com/MC4Autos/,
J G Gardening,London & South East — Services,Gardening,South Croydon CR2,jggardening1@gmail.com,,Nextdoor page and Instagram only; no website,"Advertises full domestic and commercial garden maintenance (lawns, hedges, clearances, end-of-tenancy, waste removal) and is even recruiting staff, all through free platforms with a Gmail contact","A growing operation hiring staff needs a site for commercial clients and end-of-tenancy agency work, which social pages alone won't win",sole trader,https://nextdoor.co.uk/pages/j-g-gardening-south-croydon-england/,
KO Gardening Services,London & South East — Services,Gardening,Beckenham / South East London,kogardening@gmail.com,07814 452 885,Nextdoor page only; no website,"Several years established, fully insured (public liability and professional indemnity), strong neighbour recommendations, yet zero web presence beyond Nextdoor","Insured, established business with regular clients has revenue to invest; a simple site with reviews would capture search traffic Nextdoor never reaches",sole trader,https://nextdoor.co.uk/pages/kogardeningservices/,
DriveRight School of Motoring,London & South East — Services,Driving instructor,"Reading, Berkshire",Taimurmasood3@gmail.com,07532749660,Nextdoor page/neighbourhood listing only; no website,Offers both automatic and manual lessons in Reading but bookings run through a personal Gmail and phone number posted on a community page,"Driving schools live on local search ('driving lessons Reading'); competitors all have booking sites, and lesson blocks are recurring revenue that justifies the spend",sole trader,https://nextdoor.co.uk/pages/driveright-school-of-motoring-reading-gb-eng/,
Clapham Handyman and Property Services (CHAPS),London & South East — Services,Handyman / property maintenance,"Clapham, South West London",claphamhandymen@gmail.com,+44 7961 374065,Facebook page and Nextdoor page only; no website,Branded local trade business (100% recommend rating on Facebook) with no site; public contact is a Gmail address,Affluent Clapham catchment searches Google for handymen; a branded acronym (CHAPS) shows marketing intent that a website would complete,sole trader,https://www.facebook.com/ClaphamHandyman/,
The Helpful Handyman,London & South East — Services,Handyman,"Edgware, North West London",Thehelpfulhandyman1979@gmail.com,,Nextdoor page only; no website,"20+ years' building and maintenance experience (plastering, decorating, tiling) marketed solely via a Nextdoor profile with a personal Gmail",Skilled multi-trade work commands good day rates in NW London; a simple portfolio site would let him escape dependence on one hyperlocal platform,sole trader,https://nextdoor.co.uk/pages/emma-mitchinson-london-england-1/,
Florin the Handyman,London & South East — Services,Handyman,"South Tottenham, London N15",florintopala.ft@gmail.com,07453170190,Free Wix subdomain (florintopalaft.wixsite.com/florinthehandyman) plus Nextdoor page,"Wide service list (flooring, carpentry, roofing, electrics, plumbing, painting) run from a free wixsite.com address and personal Gmail","Already tried to build a site himself, proving he wants one; a proper domain and professional build is a natural, affordable upgrade",sole trader,https://florintopalaft.wixsite.com/florinthehandyman,
Handyman Arts,London & South East — Services,Handyman / home improvement,"166 Great Western Road, London W11",chathandymanarts@gmail.com,,Own domain handymanarts.co.uk but a self-built template site (page slugs like 'contact-us-contact-handyman-arts'); Gmail as public contact; also on Nextdoor,Does full refurbishments in West London yet relies on an amateur-built site with malformed page URLs and a Gmail contact instead of domain email,Refurb jobs in W11 are high-value; a credible rebuild of their existing (clearly DIY) site is an easy pitch since they already maintain a domain,sole trader,https://www.handymanarts.co.uk/contact-us-contact-handyman-arts,
BuzyLizzieCleans,London & South East — Services,Domestic cleaning,"Brighton and Hove, East Sussex",buzylizziecleans@gmail.com,,Nextdoor page only; no website,"Offers general, deep, end-of-tenancy and oven cleaning across Brighton & Hove with only a Nextdoor profile and Gmail contact","End-of-tenancy cleaning is bookable, price-listable work that converts well from a simple site targeting Brighton's large rental market",sole trader,https://nextdoor.co.uk/pages/buzylizziecleans-brighton-gb-eng/,
The Cleaning Fairy (Chloe),London & South East — Services,Domestic cleaning,"Brighton & Hove, East Sussex",cthecleaningfairy@gmail.com,,Nextdoor page only; no website (identically named businesses in the US are unrelated),Markets reliable home cleaning for busy households and older residents purely through Nextdoor with a personal Gmail,Memorable brand name currently unprotected online; a small site with a booking form secures the name locally and fills a regular-clients roster,sole trader,https://nextdoor.co.uk/pages/the-cleaning-fairy-brighton-england/,
XIX Logistics Ltd,London & South East — Services,Removals / man and van,"Islington, London N1",XIXlogistics@gmail.com,,"Facebook, Instagram and Nextdoor pages only; no website (similar-named US/software sites are unrelated)","Family-run removals ltd claiming 20+ years' experience, offering domestic and commercial removals, clearance and assembly, but contactable only via Gmail and social pages",Commercial removals clients vet suppliers online; an incorporated firm with two decades of trading has both the need and budget for a proper site,ltd company,https://nextdoor.co.uk/pages/xix-logistics-ltd/,
Eden Garden Services,London & South East — Services,Gardening,"Chelmsford / Maldon area, Essex",edengardenservices22@gmail.com,,Nextdoor page only; no website,"Covers a wide rural Essex patch (Purleigh, Tiptree, Heybridge Basin, the Tolleshunts) with grass, hedge and border work but has no web presence beyond Nextdoor",Serving many dispersed villages makes local-search visibility essential; a site listing each covered village would out-rank his Nextdoor-only presence,sole trader,https://nextdoor.co.uk/pages/eden-garden-services-chelmsford-england/,
Man With A Van West Sussex (Matt Clark),London & South East — Services,Removals / man and van,"Littlehampton / Worthing, West Sussex",mattclark558@gmail.com,,Nextdoor page only; no website,Courier/removals service across the West Sussex coast advertised solely on Nextdoor under a personal Gmail address,'Man with a van Worthing/Littlehampton' searches go to competitors with sites; a one-pager with prices and a quote form captures that intent cheaply,sole trader,https://nextdoor.co.uk/pages/man-with-a-van-west-sussex-worthing-based-worthing-gb-eng/,
L's Sparkle Clean,London & South East — Services,Domestic and commercial cleaning,London,lscleaningservicee@gmail.com,,Facebook page and Nextdoor page only; no website,"Advertises 13+ service lines (carpet, oven, builders, end-of-tenancy, office cleaning) across 15+ areas with 5-star reviews but no site to present them","A service menu that broad needs a structured website with per-service pages; they already run promotions (5% first-booking discount), showing marketing appetite",sole trader,https://www.facebook.com/lscleaningservicee/,
Phoenix Removal Services Ltd,London & South East — Services,Removals,"Beckenham / Sydenham, South East London",phoenixremovalservices@gmail.com,07534271831 (WhatsApp),"Nextdoor, Facebook and Instagram; a phoenixremovalservices.co.uk domain is referenced in their profile but no live site for it appears in the search index — quotes run via WhatsApp photos and Gmail",Incorporated removals firm (Companies House 15420413) taking quote requests by WhatsApp and Gmail; its referenced domain shows no indexed live website,Offers full packing/storage/office-move packages nationwide — services sold on trust that a dead or missing website actively undermines,ltd company,https://nextdoor.co.uk/pages/phoenix-removals-services-london-england/,
Omar Tuitions (online maths tutor),London & South East — Services,Tutoring,London,omartuitions99@gmail.com,,Nextdoor business page only; no website,Offers KS1–GCSE maths tuition with contact via a personal Gmail on a free community-directory page,"Parents comparison-shop tutors online and expect qualifications, pricing and testimonials on a website; recurring weekly lessons make customer acquisition valuable",sole trader,https://nextdoor.co.uk/pages/pimlico-hijama-teddington-gb-eng/,RE-VERIFY source before contact
L&L Gardening (Laura Burke & Lucy-ann Gilbert),London & South East — Services,Gardening / garden design,Brighton and wider Sussex,lauraburkegardening@gmail.com,,Nextdoor pages only; no website,"Two-person team offering garden design and regular maintenance across Sussex, reachable only via a personal Gmail on Nextdoor","Garden design is a visual, higher-margin service that sells through before/after portfolios — exactly what a simple gallery website provides",sole trader,https://nextdoor.co.uk/pages/ll-gardening-brighton-gb-eng/,
Bridge Farm Cider,South West & East Anglia — Retail/Produce,Cider maker / farm produce retail,"East Chinnock, near Yeovil, Somerset",bridgefarm1055@gmail.com,07850 407097,Very dated static brochure site (bridgefarmcider.co.uk/home.html) plus Instagram; listed on beer/cider directories,"Award-winning cider maker offering nationwide delivery and free local delivery, but has no online shop and only a 1990s-style static site; orders taken by phone/email via a Gmail address",25 years established with an existing nationwide delivery operation; an e-commerce site would directly convert their delivery trade into online orders,unknown,http://findalocalbeer.co.uk/page/ciders,
Farmhouse Dairy Somerset (Moo Valley Milk),South West & East Anglia — Retail/Produce,Dairy / doorstep milk delivery and farm produce,"Temple Cloud, Somerset",farmhousedairysomerset@gmail.com,,Facebook and Instagram only; their former domain farmhousedairysomerset.co.uk has lapsed and is listed for sale on Dan.com,Own website domain expired and is now being resold; doorstep milk-round business now relies entirely on social media for orders and announcements,Delivery/subscription business model (doorstep milk rounds within 5 miles of Temple Cloud) suits online ordering and round management; they previously invested in a domain so understand the value,unknown,https://www.facebook.com/farmhousedairysomerset/,
Cornwall Country Flowers,South West & East Anglia — Retail/Produce,Florist / British-grown flower farm,"Mylor Bridge, near Falmouth and Truro, Cornwall",cornwallcountryflowersmylor@gmail.com,,Free WordPress.com blog (cornwallcountryflowers.wordpress.com) and Instagram,Operating from a free wordpress.com subdomain with no e-commerce; taking wedding bookings for 2026/27 and local bouquet deliveries via email only,Wedding flowers are high-ticket work won on presentation; a proper portfolio site with booking/ordering would outperform a free blog in the competitive Falmouth/Truro wedding market,sole trader,https://cornwallcountryflowers.wordpress.com/,
Hilltop Farm Shop,South West & East Anglia — Retail/Produce,Farm shop and cafe,"Slaughterbridge, Camelford, Cornwall (near Tintagel)",Hilltop-Farmshop@outlook.com,01840 211518,"Basic brochure site (hilltopfarmshop-cornwall.co.uk) plus Facebook; strong TripAdvisor presence (4.3, #6 in Camelford)","Generic Outlook contact email and a minimal site with no online ordering, menus or hamper sales despite heavy tourist footfall on the Tintagel/Camelford route","Cafe plus local-produce retail in a major tourist corridor; also competes online with two other 'Hilltop Farm Shop' businesses in the UK, so owning search results matters to them",unknown,https://www.hilltopfarmshop-cornwall.co.uk/,
Trevallick's Farm Shop & Tea Room,South West & East Anglia — Retail/Produce,"Farm shop and tea room (Cornish produce, hampers)","Caradon Farm, Pensilva, near Liskeard, Cornwall (edge of Bodmin Moor)",trevallicksfarmshop@gmail.com,01579 364061,"Amateur WordPress site trevallicks.com (About page still on default 'sample-page' slug), plus active Facebook/Instagram","Site is clearly self-built with default WordPress slugs and no online ordering despite selling hampers, gins and local goods; contact runs through a Gmail address","Family-run destination attraction (tea room, resident pigs, Top 100 attractions listing) near Bodmin Moor tourism; hampers and afternoon-tea bookings are natural online revenue",unknown,https://www.foodfromcornwall.co.uk/trevallicks-farm-shop/,
The Flowershed at Trebilcocks,South West & East Anglia — Retail/Produce,Florist / wholesale fresh flowers and foliage,"Chacewater, Truro, Cornwall",flowershedtrebilcocks@gmail.com,01872 560419,Yell and Yelp listings plus Facebook (trebilcocksflowers); their indexed domain trebilcocks.co.uk no longer resolves,Former website domain appears dead (DNS no longer resolves) while directory listings still point to it; weekly flower delivery and wedding/corporate work now has no working web home,"Established wholesale and events florist serving florists and weddings across Cornwall; losing their site means lost trade enquiries, an easy case for a rebuild",unknown,http://trebilcocks.co.uk/about-us/,
Mike Turton Butcher & Delicatessen,South West & East Anglia — Retail/Produce,Butcher and deli,"High Street, Ilfracombe, Devon EX34 9EZ",miketurtonbutcher@gmail.com,01271 863643,"Legacy one-page site (miketurtonbutcher.uk, originally a Google Business site) plus Facebook and Yell listing",50+ year old shop with award-winning sausages and an in-house bakery but only a defunct-format one-pager; no online ordering or click-and-collect,Ilfracombe's seasonal tourist trade plus an established local customer base; meat boxes and holiday-let hamper orders are a proven online revenue stream for coastal butchers,sole trader,https://traditionalboerewors.uk/devon/,
Cox and Laflin Butchers,South West & East Anglia — Retail/Produce,Butcher (Dartmoor field-to-plate meat boxes),"Ullacombe Farm, Haytor Road, Bovey Tracey, Newton Abbot, Devon TQ13 9LL",coxandlaflinbutchers@gmail.com,01647 277157,"Dated http-only site (coxandlaflin.co.uk) plus Facebook, X and a Taste of the West member listing","Award-winning (Taste of the West gold) butchery selling meat boxes, but the site is old, not on https, and has no online box ordering; enquiries via Gmail",Meat-box subscriptions and BBQ smoker hire are ready-made e-commerce products; Dartmoor tourist location (Haytor road) brings seasonal traffic worth capturing online,unknown,https://traditionalboerewors.uk/devon/,
Galleon Stores & Galmpton Post Office,South West & East Anglia — Retail/Produce,Village store / local produce retail and post office,"51 Stoke Gabriel Road, Galmpton, Brixham, Devon TQ5 0NH",galleonstores1993@gmail.com,01803 842148,Dated WordPress site (galleonstores.co.uk) plus Facebook and X,"Community store run since 1993 stocking local produce and fresh bakes, with only an old blog-style site; no click-and-collect or local delivery ordering",Located between Paignton and Brixham with heavy holiday-park trade; click-and-collect for holidaymakers and locals would extend their post-office footfall model,unknown,https://traditionalboerewors.uk/devon/,
Soutars Fine Meats,South West & East Anglia — Retail/Produce,"Butcher (Dorset free-range, grass-fed meats)","14 Bournemouth Road, Poole, Dorset BH14 0ES",soutarsfinemeats@gmail.com,01202 747972,"Facebook and Instagram only; remaining web presence is scraper directories (wheree, cylex, com-place) — no own website found",Registered LLP selling weekly meat boxes and marinated/specialty meats with no website at all; customers must phone or use Facebook,Already sells weekly meat boxes (a subscription product) in the affluent Poole/Bournemouth market; a site with box ordering would formalise existing demand,ltd company,https://traditionalboerewors.uk/dorset/,
Stowell Farm Shop,South West & East Anglia — Retail/Produce,"Farm shop (organic produce, grass-fed meat, local dairy)","Stowell Farm, Stowell Lane, Corsham, Wiltshire SN13 0QE",stowellfarmshop@gmail.com,,Facebook and Instagram plus a minimal stowellfarm.shop micro-page and BigBarn directory listing,"Sells own-farm lamb, beef, pork and local dairy but has no substantive website or online ordering; runs on social media and a Gmail address",Corsham/Bath fringe is a strong local-food market (100% recommendation rating); meat boxes and click-and-collect would fit their farm-gate model directly,unknown,https://www.bigbarn.co.uk/producer/corsham/stowell-farm-shop-29464,
Meat at The Shambles,South West & East Anglia — Retail/Produce,Butcher and delicatessen,"7 The Shambles, Bradford-on-Avon, Wiltshire BA15 1JS",meatattheshambles@gmail.com,,"Basic template site (meatattheshambles.co.uk) with no online shop, plus two Facebook pages","Registered Ltd company (Meat @ The Shambles Ltd) trading since 2022 in a prime tourist street, but web presence is a thin single-purpose site and split Facebook pages; orders via Gmail",Owner has 30 years in the trade and previously ran a large Keynsham shop; Bradford-on-Avon's tourist and commuter trade supports click-and-collect and deli hampers,ltd company,https://traditionalboerewors.uk/wiltshire/,
The Flower Shop Bristol,South West & East Anglia — Retail/Produce,Florist (weddings and events),Bristol,theflowershopbristol@gmail.com,0117 9420050,Shopify site (theflowershopbristol.com) with unfinished pages still on 'weddings-mockup' slugs,"Live site contains placeholder/mockup page URLs, signalling an unfinished self-managed build; consultations booked by phone or Gmail rather than through the site",Bristol/Southwest wedding floristry is competitive and image-led; they already pay for Shopify but clearly need professional help finishing and polishing the storefront,unknown,https://theflowershopbristol.com/,
Beast to Block,South West & East Anglia — Retail/Produce,Craft butcher and bottle shop (whole-carcass butchery),"27A Church Street, Cromer, Norfolk",beasttoblock@gmail.com,,"Facebook only, plus third-party directory listings (cylex, britaindirect); no own website found","Press-covered independent butcher (North Norfolk News, Ross Kemp visit) trading since 2021 with no website at all; contact is a Gmail address",Cromer is a busy seaside tourist town; holiday-cottage BBQ boxes and Christmas order books are natural online products for a butcher with this profile,unknown,https://traditionalboerewors.uk/norfolk/,
Holt Antiques & Interiors Centre,South West & East Anglia — Retail/Produce,"Antiques centre (20+ dealers, vintage and interiors)","Candlestick Barn, Thornage Road, Holt, Norfolk NR25 6SU",antiquescentreholt@gmail.com,01263 478110,"No own website found; relies on tourism directories (Visit North Norfolk, Visit Norfolk, Antiques Atlas) and word of mouth","3,000 sq ft centre with 20+ dealers open 7 days a week, yet has only directory listings and a Gmail contact; no site to showcase dealers, stock or space rental","Holt is North Norfolk's premier antiques/tourist town; a site with dealer pages and featured stock drives footfall and dealer-space rental income, and online antiques sales are booming",unknown,https://vintagefarmhouse.co.uk/pages/antiques-centre-antiques-shops-in-norfolk-uk,
Murtons Florist,South West & East Anglia — Retail/Produce,"Florist (weddings, funerals, click-and-collect)","47 Woodbridge Road East, Ipswich, Suffolk IP4 5ST",murtonsflorist@gmail.com,01473 400240,"Dated third-party .aspx relay-service template sites (murtonsipswich.co.uk and murtonsonline.co.uk) plus Facebook, Instagram and X",Trading through generic white-label florist-network templates on two confusing domains rather than an own-brand site; commission-based relay platforms eat margin on every order,"Already delivers 6 days a week and offers click-and-collect, so they demonstrably transact online; an independent site would recover relay commissions and consolidate their split web presence",unknown,https://www.murtonsipswich.co.uk/Contact_Us.aspx,
HoneyShed Bakery & Catering,South West & East Anglia — Retail/Produce,"Bakery (wedding and celebration cakes, catering)","East Cambridgeshire village near Newmarket, Cambridgeshire",honeyshed.bakery@gmail.com,,"Basic self-built Wix site (honeyshedbakery.co.uk) with default slugs like 'blank-page-1', plus Facebook, Instagram and X",Wix site has unfinished default page URLs and orders run through a Gmail address; wedding-cake business depends on portfolio presentation the current site lacks,Wedding cakes for the Newmarket/Cambridge market are high-value commissions won on visual polish; a professional gallery and enquiry/booking flow directly wins orders,sole trader,https://www.suffolkbusinessdirectory.com/item/the-honeyshed-bakery/,
The Bushel Box Farm Shop,South West & East Anglia — Retail/Produce,Farm shop (orchard fruit - 34 plum and 31 apple varieties - and local produce),"130-140 Station Road, Willingham, Cambridge, Cambridgeshire CB24 5HG",wendy@bushelboxfarmshop.co.uk,01954 206015,Two overlapping dated sites (legacy iWeb-style bushelbox.co.uk and basic bushelboxfarmshop.co.uk) plus Facebook; no online ordering,"Web presence is split across an ancient legacy site and a basic newer one, neither with e-commerce; seasonal orchard fruit business announces reopenings via Facebook","Registered Ltd company established 2011 with 50+ years of fruit growing; seasonal fruit boxes and pre-orders suit click-and-collect, and consolidating two confusing domains is an easy sell",ltd company,https://farmretail.co.uk/retailer/the-bushel-box-farm-shop/,
Howlett End Farm Shop,South West & East Anglia — Retail/Produce,"Farm shop (butchery cuts, fruit and veg, daily baked goods)","Taylors Barns, Elder Street, Wimbish, Saffron Walden, Essex CB10 2XA",howlettendfarmshop@gmail.com,01799 934040,Simple brochure site (howlettendfarmshop.com) plus Facebook; no online shop,Recently established farm shop trading on a Gmail address with only a thin brochure site; no click-and-collect for its butchery counter or baked goods,Sits between Saffron Walden and Thaxted serving an affluent rural catchment; weekly-shop pre-orders and Christmas butchery orders justify a proper ordering site,unknown,https://www.howlettendfarmshop.com/,
The Green Barn Farm Shop & Cafe,South West & East Anglia — Retail/Produce,"Farm shop and cafe (greengrocer, local meat, dairy)","North Benfleet Hall, North Benfleet, Benfleet, Essex SS12 9JR",farmshoporders@gmail.com,07930 169290,Basic site (greenbarnfarmshop.com) plus Nextdoor and food directory listings; orders handled via a generic Gmail address and mobile number,"Order email is a generic 'farmshoporders@gmail.com' with a mobile number as the shop line; site has no ordering despite the shop selling meat, fish, cheese and hampers alongside a cafe and fishery","Multi-revenue site (shop, cafe, fishery, kids activities) just off the A13 with a large Basildon/Benfleet catchment; online ordering and event promotion would lift every arm of the business",unknown,https://greenbarnfarmshop.com/contact-us,
