name,segment,sector,location,email,phone,current_web_presence,evidence_of_need,why_they_would_pay,business_type_guess,source_url
LK Electrical / Electronic Engineer,Midlands & South — Trades,Electrician,"Leicester, Leicestershire",lansana.kebe@yahoo.co.uk,+447881300343,Nextdoor business page only; no website found,"Google-indexed Nextdoor snippet shows contact as personal Yahoo address 'lansana.kebe@yahoo.co.uk' with mobile number - no domain, no site","Active electrician/electronic engineer marketing on Nextdoor for work; a personal yahoo address undermines trust for compliance-led trades (NICEIC-style credibility), so a simple site is an easy upsell",sole trader,https://nextdoor.co.uk/pages/lk-electrical-electronic-engineer-leicester-gb-eng/
Plaster It Purple,Midlands & South — Trades,Plasterer,"Arnold, Nottingham",Plasteritpurple@gmail.com,,Nextdoor business page only; no website found,Nextdoor listing snippet: 'local lady plasterer in Nottingham with the email Plasteritpurple@gmail.com... also a GlamRend applicator' - gmail-only contact,Distinctive brand (female plasterer + GlamRend decorative finishes) with a memorable name but nowhere to send customers; strong differentiation story that a portfolio site would monetise,sole trader,https://nextdoor.co.uk/pages/plaster-it-purple-arnoldnottingham-england/
TQ Bricklaying And Joinery,Midlands & South — Trades,Builder / bricklayer-joiner,"457 Hanley Road, Stoke-on-Trent ST6 1RB",chantelleriley91@hotmail.co.uk,07557141230,Nextdoor business page only; no website found,"Nextdoor snippet lists 'Email: chantelleriley91@hotmail.co.uk, Phone: 07557141230, Address: 457 Hanley Road' - personal hotmail as business contact",Trading with a fixed premises address and two trades (brick + joinery) but only a personal hotmail; extensions/brickwork are high-ticket jobs where a website directly wins quotes,sole trader,https://nextdoor.co.uk/pages/tq-bricklaying-and-joinery-stoke-on-trent-england/
Andrew Dillon Painter And Decorator,Midlands & South — Trades,Painter & decorator,"4 Elms Dr, Oxford OX3 0NJ",dillonandrew9@gmail.com,,Nextdoor business page only; no website found,"Nextdoor listing snippet shows 'contact email dillonandrew9@gmail.com' - numbered personal gmail, no domain or site",Established decorator in affluent Oxford (OX3) relying on neighbourhood referrals; Oxford homeowners search online and a basic brochure site plus gallery would pay for itself in one repaint job,sole trader,https://nextdoor.co.uk/pages/andrew-dillon-painter-and-decorator-oxford-england/
CBell Decorators,Midlands & South — Trades,Painter & decorator,"Botley Road, Oxford OX2 0HW",CBellContracts@gmail.com,,Nextdoor business page only; no website found,Nextdoor listing snippet shows 'contact email CBellContracts@gmail.com' - branded name ('Contracts') but still on gmail with no site,The 'Contracts' branding suggests commercial/contract ambitions where procurement expects a web presence; currently invisible outside Nextdoor in a wealthy catchment (West Oxford),sole trader,https://nextdoor.co.uk/pages/cbell-decorators-oxford-gb-eng/
Better Call Paul - Garden and Maintenance,Midlands & South — Trades,Landscaper / garden maintenance,"Swindon, Wiltshire",Paul_Hill15@hotmail.com,07790244452,Nextdoor business page only; no website found,"Nextdoor snippet lists 'Paul_Hill15@hotmail.com, Phone: 07790244452' - personal hotmail behind a strong trading name","Memorable brand name with zero owned web presence; landscaping is visual and quote-driven, so a before/after gallery site converts directly, and the branding shows marketing awareness",sole trader,https://nextdoor.co.uk/pages/better-call-paul-garden-and-maintenance-swindon-gb-eng/
House and Garden Care,Midlands & South — Trades,Landscaper / property & garden maintenance,"Swindon, Wiltshire",houseandgardencare@hotmail.com,07772 162653,Nextdoor business page only; no website found,"Nextdoor snippet lists 'houseandgardencare@hotmail.com, Phone: 07772 162653' - business-named hotmail account but no domain or website","Already invested in a business-named email, signalling brand intent; recurring-revenue maintenance model benefits from a booking/enquiry site and the matching .co.uk is an obvious next step",sole trader,https://nextdoor.co.uk/pages/house-and-garden-care-swindon-gb-eng/
AR Roofing,Midlands & South — Trades,Roofer,"Southampton, Hampshire",adam.roofing82@gmail.com,,Nextdoor business page only; no website found,"Nextdoor search snippet for Southampton roofers shows 'AR Roofing with email adam.roofing82@gmail.com' - personal gmail, no site","Roofing is one of the highest average-job-value trades; competing Southampton roofers all rank with proper sites, so an invisible gmail-only roofer is losing storm/repair searches worth thousands",sole trader,https://nextdoor.co.uk/pages/ar-roofing-1/
Jacobat Carpentry And Joinery Building Services,Midlands & South — Trades,Joiner / carpenter-builder,"Warmley, Bristol",jacobat90@gmail.com,,Nextdoor business page only; no website found,Nextdoor listing snippet shows contact 'jacobat90@gmail.com' - personal gmail for a carpentry-and-building outfit with no domain,Offers full building services (higher-ticket than pure carpentry) across the Bristol fringe; buyers comparison-shop builders online and a portfolio site is table stakes for winning extension work,sole trader,https://nextdoor.co.uk/pages/jacobat-carpentry-and-joinery-building-services-warmleybristol-england/
Westwood Plastering,Midlands & South — Trades,Plasterer,"Longford, Coventry",Jwestwoodx@gmail.com,,Nextdoor business page only; no website found,"Nextdoor snippet: 'Westwood Plastering - Contact: Jwestwoodx@gmail.com - A plasterer based in Longford' - personal gmail, no site",Actively soliciting work on Nextdoor in Coventry where skim/render demand is steady; a one-page site with photos and reviews would lift conversion from directory traffic at low cost to him,sole trader,https://nextdoor.co.uk/pages/ndj-westwood-plastering-cannock-gb-eng/
AK Scaffolding Services Ltd,Midlands & South — Trades,Scaffolder,"Kingswood, Bristol BS15",akscaffolding@hotmail.co.uk,,"Nextdoor page + Companies House record (A K Scaffolding Services Limited, inc. 2019); no website of its own found - akscaffoldingservices.co.uk belongs to a similarly named North East firm (0191 number)","Nextdoor snippet shows contact 'akscaffolding@hotmail.co.uk'; registered ltd company at 339 Two Mile Hill Road, Kingswood BS15 1AN with no matching domain",Six-plus years as a limited company doing domestic and commercial scaffold - real revenue - yet a namesake firm owns 'their' domain and captures their search traffic; strong commercial pain point,ltd company,https://nextdoor.co.uk/pages/ak-scaffolding-services-ltd-bristol-england/
J&J Clark Roofing,Midlands & South — Trades,Roofer,"Waterlooville / Portsmouth, Hampshire",jandjclarkroofing@outlook.com,07934852224,Nextdoor page + MyBuilder profile; searches confirm no dedicated website,"Nextdoor snippet: 'family run roofing company with contact via mobile 07934852224 and email jandjclarkroofing@outlook.com'; follow-up search found only Nextdoor and MyBuilder profiles, no standalone site","Family roofing firm paying-grade trade (high job values), already investing effort in MyBuilder leads; owning a site would cut lead-platform commission dependence - a clear ROI pitch",sole trader,https://nextdoor.co.uk/pages/joshua-clark-waterlooville-england/
JME Carpentry And Joinery,Midlands & South — Trades,Joiner / carpenter,"Whitbourne, Worcester (Worcestershire)",Jme.carpentryandjoinery@gmail.com,,Nextdoor business page (with recommendations); no website found,"Nextdoor listing snippet shows contact 'Jme.carpentryandjoinery@gmail.com' - business-named gmail, no domain; page has a recommendations tab indicating real customer activity","Has customer recommendations proving trading history but nothing to point new customers at beyond Nextdoor; bespoke joinery is portfolio-led, ideal for a gallery site",sole trader,https://nextdoor.co.uk/pages/jme-carpentry-and-joinery-whitbourneworcester-england/recommendations/
MLA Plumbing and Heating Services,Midlands & South — Trades,Plumber / heating engineer,"Derby, Derbyshire",mlagasservices@gmail.com,,Nextdoor business page only; no website found,Nextdoor snippet: 'MLA Plumbing and Heating Services in Derby with contact mlagasservices@gmail.com' - gas business running on gmail,"Gas/heating work implies Gas Safe registration and boiler installs (GBP 2-3k jobs); customers verify heating engineers online before booking, so lack of a site is directly costing installs",sole trader,https://nextdoor.co.uk/pages/mla-plumbing-and-heating-services-derby-england/
OMC Design Construction,Midlands & South — Trades,Builder / general construction,"Leicester, Leicestershire",omcdesignconstruction@gmail.com,,Nextdoor business page only; no website found,"Nextdoor snippet: 'OMC Design Construction with contact omcdesignconstruction@gmail.com offering plumbing and tiling work' - business-named gmail, no domain",Positions itself as 'design construction' (renovation-level work) which clients expect to vet visually online; already brand-conscious enough to register a business-named email,unknown,https://nextdoor.co.uk/pages/omc-design-construction-leicester-england/
Mark Seeney Roofing Services,Midlands & South — Trades,Roofer,"26 Shipley Grove, Birmingham B29 5DL",seeneyboy@talktalk.net,07863 119 298,"Directory listings only (Cylex, Firmania, TouchLocal, chamberofcommerce.uk) plus Nextdoor page with 27 neighbour recommendations; no own website","Directory search snippets list 'Email: seeneyboy@talktalk.net', phones 07863 119 298 / 01214766062; described as '26 year experienced and qualified roofing specialist' - legacy talktalk address, no site",26 years' trading and 27 Nextdoor recommendations prove sustained revenue; his reputation lives scattered across directories he doesn't control - consolidating it on an owned site is an easy sell,sole trader,https://birmingham.cylex-uk.co.uk/company/mark-seeney-roofing-services-27215427.html
Jan B Builders,Midlands & South — Trades,Builder,"58 Lockley Street, Stoke-on-Trent ST1 6PQ",,07904 105649,Nextdoor business page only; no website found,Nextdoor snippet lists phone '07904 105649' and street address but no email and no website link - phone-and-word-of-mouth operation,General builder with fixed premises taking on extension-scale work; entirely dependent on Nextdoor visibility in a city where competitors have sites - clear upgrade path,sole trader,https://nextdoor.co.uk/pages/jan-b-builders-stoke-on-trent-england/
The Plumbing People,Midlands & South — Trades,Plumber,"Selly Oak area, Birmingham B29 6QE",,07515 531288,Nextdoor business page only; no website found,"Nextdoor snippet lists 'Phone: 07515 531288, Postcode: B29 6QE' with no email or website shown","Strong generic brand name wasted without a domain; emergency plumbing searches in Birmingham are high-volume and mobile-first, so even a one-page site with click-to-call would win jobs",sole trader,https://nextdoor.co.uk/pages/the-plumbing-people/
Sackett Roofing,Midlands & South — Trades,Roofer,"Hucknall, Nottingham",,07976 272085,Nextdoor business page only; no website or email found,"Nextdoor snippet lists phone '07976 272085' only; searches for the name return no website, just the Nextdoor listing",High-ticket trade with zero owned presence in a commuter-town market (Hucknall) where roof repairs are found via Google; a site plus review embeds would immediately differentiate,sole trader,https://nextdoor.co.uk/pages/sackett-roofing-hucknallnottingham-england/
DG Plumbing And Heating,Midlands & South — Trades,Plumber / heating engineer,"Birmingham, West Midlands",,07725 721389,Nextdoor business page only; no website found,Nextdoor snippet lists 'Phone: 07725 721389' with no email or website shown on the listing,Plumbing-and-heating covers boiler work with strong job values; mobile-only contact and no web presence in the UK's second city means it is leaving search demand entirely to competitors,sole trader,https://nextdoor.co.uk/pages/dg-plumbing-and-heating-birmingham-england/
Brookfield Guest House,North England — Hospitality,Bed & breakfast / guest house,"Penrith Road, Keswick, Cumbria (Lake District)",info@brookfield-keswick.co.uk,017687 72867,"Own domain brookfield-keswick.co.uk but a mid-2000s build: separate '/mobile/*.php' mobile pages (map-directions.php, info-rates.php, gallery.php) still indexed, keyword-stuffed titles like 'Keswick Guest House Image Gallery | Brookfield Bed & Breakfast B&B Accommodation'. Availability handled off-site via stay.keswick.org. Also on Facebook and TripAdvisor.","Legacy PHP site with a dedicated 'mobile version' (a pre-responsive-design pattern), no on-site booking engine, and third-party availability pages that outrank their own site in search.","Owner-run B&B (Lorna and Simon) in a town where guests book online; every stay routed through OTAs or third-party engines costs 12-15% commission, so a modern responsive site with direct booking pays for itself in a handful of room-nights.",sole trader,https://www.brookfield-keswick.co.uk/
Skiddaw Grove Guest House & Apartments,North England — Hospitality,Guest house / self-catering apartments,"Vicarage Hill, Keswick, Cumbria (Lake District)",info@skiddawgrove.co.uk,017687 73324,"Own domain skiddawgrove.co.uk but old static HTML pages (skiddawgrove.html, guesthouse.html, squirrelbank.html) mixed with newer pages; availability outsourced to stay.keswick.org.","Static 2000s-era .html architecture, inconsistent page structure, no integrated booking engine — direct bookings depend on phone/email while OTA and keswick.org listings take the online demand.","Runs both B&B rooms and self-catering apartments (higher-value, longer stays), so recovering even a few direct apartment bookings from commission channels justifies a rebuild with online booking.",unknown,https://www.skiddawgrove.co.uk/contact/
Linnett Hill Bed and Breakfast,North England — Hospitality,Bed & breakfast,"4 Penrith Road, Keswick, Cumbria (Lake District)",info@linnetthillkeswick.co.uk,,"Own domain linnetthillkeswick.co.uk with dated '::'-separator title tags ('Linnett Hill Bed and Breakfast Keswick :: Contact Us'), pages served inconsistently over http and https, and a duplicate legacy domain (linnetthillhotel.com) still live and indexed.","Old CMS template, split/duplicate domains diluting their SEO, insecure http pages, no modern booking journey — classic signs of a site untouched for years.","Keswick B&Bs compete head-on with Booking.com listings for the same guests; consolidating two stale domains into one fast, secure site with direct booking is an easy commission-saving pitch.",unknown,https://linnetthillkeswick.co.uk/contact-us
Cragside Guest House,North England — Hospitality,Bed & breakfast / guest house,"39 Blencathra Street, Keswick, Cumbria (Lake District)",cragside-keswick@hotmail.com,,Small brochure site at cragside-keswick.co.uk; public contact email is a Hotmail address; availability/booking handled by the third-party stay.keswick.org engine; also listed on keswick.org with a 'Book Now' redirect.,"Hotmail contact address on their own domain, no on-site booking, reliant on the town directory's booking system and OTAs for online reservations.",24 years trading and dependent on commissionable third-party channels for online bookings — a modern site with its own booking engine and a professional email address directly recovers margin.,sole trader,https://www.cragside-keswick.co.uk/contact-us/
Goodwin House B&B,North England — Hospitality,Bed & breakfast,"29 Southey Street, Keswick, Cumbria (Lake District)",enquiries@goodwinhouse.co.uk,,"Own domain goodwinhouse.co.uk with keyword-stuffed, near-identical title tags on every page ('Keswick B&B Lake District bed breakfast - en-suite rooms'), an old-school 'Rates & Availability' page rather than live booking.",SEO-spam-era title tags repeated site-wide and a rates page instead of a real-time booking engine indicate a dated build that leaks bookings to OTAs.,Owner-run (Chris & Liz) B&B in a saturated Keswick market; a rebuild with proper page titles and direct booking converts their existing search traffic instead of sending it to Booking.com.,sole trader,https://www.goodwinhouse.co.uk/contact-us/
Claremont House,North England — Hospitality,Bed & breakfast / guest house,"Chestnut Hill, Keswick, Cumbria (Lake District)",info@claremonthousekeswick.co.uk,,Own domain claremonthousekeswick.co.uk (basic template) with a legacy 'claremont-availability.html' page; live availability and booking outsourced to stay.keswick.org.,No native booking engine — guests are handed off to a third-party directory system to book; mixed legacy .html pages inside the site.,New-ish owners (took over 2019) with five lettable units including a premium suite ('The Nook'); direct-booking capture on higher-rate rooms makes agency fees straightforward to justify.,sole trader,https://claremonthousekeswick.co.uk/map-contact-details/
Lane Head Farm Country Guest House,North England — Hospitality,Country guest house / B&B,"Troutbeck, near Keswick, Cumbria (Lake District)",kansagra.suruchi@gmail.com,017687 79220,"Has laneheadfarm.co.uk, but the public contact shown on the Keswick tourism directory is the owner's personal Gmail; online demand is dominated by Booking.com plus a swarm of commission/scraper booking clones (hotels-lake-district.com, cumbriahotelsweb.com, LateRooms, Yelp) that outrank the own site.",Personal Gmail as the published business contact and OTA/affiliate domains capturing their brand searches — direct-booking leakage on a 7-room property.,Seven en-suite rooms at £109+ a night: even two OTA bookings a week at ~15% commission is £150+/week lost — a strong ROI story for a site rebuild focused on brand-search capture and direct booking.,sole trader,https://stay.keswick.org/Availability/lane-head-farm-country-guest-house.html
Glenville House (Adults Only),North England — Hospitality,Bed & breakfast / guest house,"44 Lake Road, Windermere, Cumbria (Lake District)",jayne.hellmann@btinternet.com,,"No effective website of its own in search results — presence is a Facebook page (facebook.com/glenvillehouse) plus Booking.com, Trip.com and Frommers listings; owner Jayne Hellmann (confirmed via her LinkedIn 'Business Owner - Glenville House') uses a personal btinternet.com address.",OTA-and-Facebook-only online presence for a well-reviewed Windermere guest house; brand searches land on Booking.com's commissionable page.,"Adults-only B&B on Windermere's main strip with strong reviews — every booking currently flows through Booking.com at 15%+ commission, so a direct-booking website has an immediate, measurable payback.",sole trader,https://www.linkedin.com/in/jayne-hellmann-48696868/
North Bay Guest House,North England — Hospitality,Guest house / B&B,"137 Columbus Ravine, Scarborough, North Yorkshire",enquiries@northbayguesthouse.co.uk,01723 374406,"Basic brochure site at northbayguesthouse.co.uk with no online booking; relies on Facebook pages and paid directory adverts (touristnetuk.com advert, visitnorthyorkshire listing) plus OTA affiliate clones (scarborough-hotels.co.uk) for visibility.",No booking engine on their own site while commission-charging affiliate domains sell their rooms ('season deals from £82'); duplicated Facebook pages suggest DIY digital management.,Eight rooms run by owners Gillian and John near Scarborough's Open Air Theatre; capturing direct bookings from event-driven demand instead of paying OTA commission is a clear seasonal revenue win.,sole trader,https://www.northbayguesthouse.co.uk/
Rose Dene,North England — Hospitality,Bed & breakfast / guest house,"106 Columbus Ravine, Scarborough, North Yorkshire",gillian@rose-dene.co.uk,01723 374252,Own domain rose-dene.co.uk but with the phone number stuffed into the homepage title tag ('Scarborough Bed and Breakfast And Guest House | Rose Dene 01723 374252') and keyword-stuffed titles on inner pages — hallmarks of an old SEO-template build.,"Dated keyword/phone-stuffed title tags and no visible booking engine; distribution leans on directory listings (visitnorthyorkshire, englandscoast) and Facebook.","Eight-bedroom mother-and-son-run B&B — enough volume that OTA commission is material, and a modern site with direct booking plus clean local SEO protects their strong review base.",sole trader,https://www.rose-dene.co.uk/contact
The Sandbeck Seafront Guest House,North England — Hospitality,Guest house (23 rooms),"1-2 Crescent Terrace, West Cliff, Whitby, North Yorkshire",thesandbeck@googlemail.com,01947 604012,"Own domain thesandbeckwhitby.co.uk but a dated PHP build (pages like /classic.php) with keyword-stuffed titles ('Bed and Breakfast Whitby Boutique Guest House Accommodation Whitby North Yorkshire'); public email is a googlemail.com address; affiliate booking clones (northyorkshirehotels.net, yorkshire-hotel.com) rank against them.","Legacy .php site, spammy title tags, free googlemail contact address, and commission affiliates intercepting brand searches for a 23-room seafront property.","At 23 rooms (17 sea-view) they are one of the larger independents on Whitby's West Cliff — commission leakage at that scale is thousands per year, dwarfing the cost of a professional rebuild.",sole trader,https://www.thesandbeckwhitby.co.uk/
The Little Angel,North England — Hospitality,Pub,"18 Flowergate, Whitby, North Yorkshire",thelittleangel@gmail.com,,Free Wix subdomain only (thelittleangelwhit.wixsite.com/thelittleangels) plus directory listings such as Route YC; contact email is a generic Gmail address.,No owned domain at all — a free-builder subdomain with a Gmail contact is the entire web presence for a town-centre pub in one of Yorkshire's busiest tourist towns.,"Flowergate is prime Whitby footfall; a proper domain with menus, events and room/food promotion would convert tourist search traffic that currently finds only third-party listings.",unknown,https://www.routeyc.co.uk/places/the-little-angel
Mimmo's,North England — Hospitality,Italian café / takeaway,"8 Queen Street, Baildon, West Yorkshire",mimmosbaildon@hotmail.com,07890 935960,"Facebook page plus a free Wix subdomain (mimmosbaildon.wixsite.com/mimmos); Hotmail contact address and a mobile number; otherwise only scraper directories (Restaurantji, Sluurpy, Wheree) represent them online.","No owned domain, no online ordering — eat-in/takeaway orders depend on phone and Facebook while aggregator sites publish outdated menus they don't control.",Family-run Italian takeaway with strong reviews; direct online ordering (vs commission platforms) and a controlled menu page are immediate revenue and margin gains.,sole trader,https://www.facebook.com/mimmosbaildon/
The Seahorse Bed and Breakfast,North England — Hospitality,Bed & breakfast (12 rooms),"Blyth, Northumberland",kevinwilsonseahorse@gmail.com,,Old static-HTML site at seahorseblyth.com (pages like /rooms.html) with the owner's personal Gmail address published as the booking contact.,2000s-style static site with no booking engine and a personal Gmail for reservations across 12 hotel-style rooms — bookings otherwise flow through OTAs.,"Twelve rooms serving Blyth's contractor and coastal-visitor trade; even modest direct-booking recovery from Booking.com commission covers a rebuild quickly, and a modern site wins the growing Northumberland coast tourism traffic.",sole trader,https://seahorseblyth.com/rooms.html
The Secret Sandwich - Coffee House & Sandwich Bar,North England — Hospitality,Café / sandwich bar,"44 Crumpsall Lane, Crumpsall, Manchester M8 5FB",thesecretsandwich@hotmail.com,0161 720 9009,"Minimal one-page site at thesecretsandwich.co.uk with no online ordering; public contact is a Hotmail address; most detail about them lives on Facebook and scraper directories (InTravel, Thatsup, NeoTaste).","Hotmail business email, no e-commerce/click-and-collect on a takeaway-led café, and third-party sites controlling their menu and hours information.",4.7-rated neighbourhood café with heavy takeaway trade — click-and-collect ordering on their own site avoids delivery-app commission and captures repeat lunch orders.,sole trader,https://intravel.net/manchester/restaurants-cafes/the-secret-sandwich
YourThai Cafe,North England — Hospitality,Thai restaurant / takeaway,"323 Prescot Road, Old Swan, Liverpool L13 3BS",,0151 378 0639,"Free Wix subdomain only (yourthaicafe.wixsite.com/liverpool) plus Yelp, Yell and TripAdvisor listings; no owned domain, no online ordering or booking.",Entire owned web presence is a free wixsite.com subdomain; takeaway orders and table bookings rely on phone and third-party reservation aggregators.,Established Thai eat-in/takeaway in a busy Liverpool suburb — commission-free online ordering and a real domain would convert search demand currently monetised by aggregators and delivery platforms.,unknown,https://yourthaicafe.wixsite.com/liverpool
MRKT Café,North England — Hospitality,"Café (market hall, with evening Mediterranean menu)","Chester Market, 6 Princess Street, Chester, Cheshire",,07817 976111,"Free Wix subdomain (chestermrktcafe.wixsite.com/mrkt-cafe) plus Facebook, Instagram and the Chester Market trader page; contact is a mobile number; no owned domain.","Trading since 2002 but still on a free site builder with no domain, no online ordering; scraper sites (Wheree, Sluurpy) outrank their own page.",Their move to Chester's high-footfall New Market and new evening mezze/kebab offer needs bookable tables and a findable menu — a proper site directly drives the higher-margin evening trade.,unknown,https://chestermrktcafe.wixsite.com/mrkt-cafe
Stage Door Cafe,North England — Hospitality,Café (breakfast and lunch),"78 Northgate Street, Chester CH1 2HT",,01244 320425,Basic Wix build: a free wixsite.com subdomain (stage-door-cafe.wixsite.com/menu) still live and indexed alongside stagedoorcafechester.com; Facebook page and TripAdvisor carry most of their information; no online ordering.,"Duplicate free-builder subdomain splitting their search presence, template menu-only site, no click-and-collect for a takeaway-heavy city-centre café.","Sits on Chester's tourist spine next to the Town Hall and cathedral — a consolidated, professional site with ordering would monetise walk-by search traffic they currently lose to better-presented neighbours.",unknown,https://stage-door-cafe.wixsite.com/menu
The Village Tearooms Alnmouth,North England — Hospitality,Tearoom / café,"58 Northumberland Street, Alnmouth, Northumberland NE66 2RS",,01665 830310,"No website found — presence is a Facebook page, TripAdvisor, Groupon and dogfriendly.co.uk listings only, despite being an incorporated business (The Village Tearooms Alnmouth Ltd, company 13440644).",A limited company in a premier Northumberland coast village with zero owned web presence; visitors researching Alnmouth find only third-party review sites.,"Alnmouth's tourism is booming (coast path, AONB) and afternoon-tea bookings are pre-planned purchases — a simple site with booking/enquiry capture converts that intent; incorporation signals a business-minded owner with budget.",ltd company,https://www.tripadvisor.com/Restaurant_Review-g315984-d4593298-Reviews-The_Village_Tearooms_Alnmouth-Alnmouth_Alnwick_Northumberland_England.html
Cafe Maelmin,North England — Hospitality,Café,"Main Road, Milfield, near Wooler, Northumberland NE71 6JD",,01668 216323,"Very dated site at cafemaelmin.co.uk built on an old CMS (URLs like /index.php?page=contact-us), with orders taken by phone (07874 893650) or via their Facebook page; otherwise represented by Yell, Thomson Local and Cylex directory pages.","Legacy query-string PHP site with no online ordering — the café itself directs customers to phone or Facebook to order, showing the site doesn't do its job.",Sits on the A697 route into the Cheviots/Wooler walking country where passing trade researches stops in advance; a modern site with menu and pre-ordering would lift covers and takeaway orders at minimal ongoing cost.,sole trader,http://www.cafemaelmin.co.uk/index.php?page=contact-us
Rob Nutbourne Barber,South England & Scotland — Beauty & Wellness,Barber,"164 Windermere Avenue, Southampton",robnutbournebarber@gmail.com,,Facebook page only (facebook.com/Nutbournebarber); no website found in searches,Search for 'Rob Nutbourne barber Southampton website booking' returns only his Facebook page and third-party directories — no own domain or booking system; email robnutbournebarber@gmail.com shown in Facebook search snippet,"Appointment-based solo barber competing against Southampton shops (BarberLab, Dojo) that all have booking sites; a simple site with online booking directly protects his diary",sole trader,https://www.facebook.com/Nutbournebarber/
Chi Nails Spa,South England & Scotland — Beauty & Wellness,Nail salon,"43 Baker Street, Brighton BN1 4JN",chinails2022@gmail.com,01273 692283,Facebook + Instagram (@chinails22) + Treatwell marketplace listing; no own website found,Website search confirmed 'no dedicated official website — primarily social media and third-party booking platforms like Treatwell'; paying Treatwell commission on bookings; email chinails2022@gmail.com shown in Facebook search snippet,"Registered ltd company (CHI NAILS SPA LTD, Companies House 14428803) with fixed premises paying marketplace commission — own booking site cuts Treatwell fees",ltd company,https://www.facebook.com/p/Chi-Nails-Spa-100087335582624/
The Nail Spa Brighton,South England & Scotland — Beauty & Wellness,Nail salon,"45 George Street, Kemptown, Brighton BN2 1RJ",thenailspabrighton@gmail.com,01273 046301,Facebook page + Instagram (@thenailspa.brighton); booking only via generic third-party app link (appbooking.vdit.co.uk); no own domain,Search shows no own website — booking runs through an unbranded appbooking.vdit.co.uk URL; 4.9 stars from 101 reviews on nailsalondirect.com; email shown in Facebook search snippet,"Strong review base (101 reviews, 4.9) proves demand; a branded site with integrated booking converts search traffic they currently lose to Brighton competitors with real sites",unknown,https://www.facebook.com/p/The-Nail-Spa-Brighton-61571057366065/
Eh Hair Salon,South England & Scotland — Beauty & Wellness,Hair salon,"104 High Street, Staple Hill, Bristol BS16 5HL",eandhhairsalon@gmail.com,07340 363486,Facebook + Instagram (@eandh_hairsalon_bristol) + Fresha listing; bookings via WhatsApp/Signal; no own website,"Website search returned only Facebook, Instagram and Fresha — appointments taken over WhatsApp/Signal messages; email eandhhairsalon@gmail.com shown in Facebook search snippet",Fixed-premises salon relying on Fresha (commission) and manual WhatsApp booking; a site with booking removes admin and marketplace fees,sole trader,https://www.facebook.com/ehhairsalonbristol/
Emily Lynch - Tattoo,South England & Scotland — Beauty & Wellness,Tattoo artist,"16 Candlewick Lane, Plymouth",Tattoosbyemilylynch@gmail.com,+44 7874 949548,"Facebook page + Instagram (@emilyxlynch, 3,300+ followers); no website or booking system","Booking search confirmed 'no dedicated website for online booking — contact via phone, email or social media'; email Tattoosbyemilylynch@gmail.com shown in Facebook search snippet",Bespoke dotwork artist managing enquiries and deposits through DMs; a portfolio site with enquiry/booking form filters time-wasters and captures deposit payments,sole trader,https://www.facebook.com/emilylynchtattoo/
Black and Brass Tattoo Collective,South England & Scotland — Beauty & Wellness,Tattoo studio,"Plymouth, Devon",Blackandbrasstattoo@gmail.com,,Facebook page + Instagram (@blackandbrasstattoo) only; no website found,Website search found only social media presence — 'no dedicated website with online booking functionality'; email Blackandbrasstattoo@gmail.com shown in Facebook search snippet,Multi-artist studio (collective) with premises — needs artist portfolio pages and booking/deposit handling that Instagram cannot provide,unknown,https://www.facebook.com/blackandbrasstattoo/
Ruff 'n' Ready Dog Groomers,South England & Scotland — Beauty & Wellness,Dog grooming,"Milestone Business Park, London Road, Whimple, Exeter EX5 2QB",Samanthaj.king68@gmail.com,+44 7702 872840,Facebook page + Cylex/FindOpen directory listings; no own website,Website search confirmed 'didn't find a dedicated website — primary online presence is Facebook and business directories'; email Samanthaj.king68@gmail.com shown in Facebook search snippet,Established salon on a business park with strong reviews and repeat-booking model; a site with online booking fills the diary without phone tag,sole trader,https://www.facebook.com/p/Ruff-n-Ready-100063535124659/
First Class Turkish Barbers,South England & Scotland — Beauty & Wellness,Barber,"229 Shinfield Road, Reading RG2 8HD",turkish.barbers.rg28hd@gmail.com,07456 453559,Free UENI builder page (firstclass-turkish-barber-reading.ueniweb.com) + Facebook + Fresha listing; no own domain,Only web presence is a free ueniweb.com subdomain and Fresha; 4.9/5 from 65 verified reviews; email turkish.barbers.rg28hd@gmail.com shown in Facebook search snippet,Highly rated 7-day-a-week shop stuck on a free-builder subdomain — a proper domain and booking site is a clear upgrade they already tried to solve cheaply,unknown,https://www.facebook.com/FirstClassTurkishBarberRDG/
Southsea Fitness - Personal Training,South England & Scotland — Beauty & Wellness,Personal trainer,"Southsea, Portsmouth",southseafitnesspt@gmail.com,+44 7809 362453,Facebook page only; no website (personaltrainersouthsea.co.uk is a different competing business),Website search returned only the Facebook page; direct local competitor Personal Trainer Southsea has its own site and award publicity; email southseafitnesspt@gmail.com shown in Facebook search snippet,"Level 3 PT selling 1:1, group and online packages — losing search traffic to a near-identically named competitor with a website; needs own site to compete and take bookings/payments",sole trader,https://www.facebook.com/Southseafitness/
Fitness Coach Mika,South England & Scotland — Beauty & Wellness,Personal trainer,"Portsmouth, Hampshire",Fitnesscoachmika@gmail.com,,Facebook page only; no website found in searches,Dedicated website search found nothing beyond the Facebook page; email Fitnesscoachmika@gmail.com shown in Facebook search snippet,"Coaching business selling personalised programmes needs a credibility site with packages, testimonials and sign-up — Facebook alone caps client acquisition",sole trader,https://www.facebook.com/FitnessCoachMika/
Beauty & the Beach,South England & Scotland — Beauty & Wellness,"Beauty salon (nails, lashes, tanning)","36 Seabourne Road, Bournemouth",beautyandthebeach36@gmail.com,01202 430099,"Facebook page only; bookings by phone, DM or WhatsApp","Search confirmed salon 'operates through phone calls, social media and WhatsApp for bookings rather than a dedicated website'; email beautyandthebeach36@gmail.com shown in Facebook search snippet","Multi-service salon (nails, lashes, tans, sunbeds) with premises handling every booking manually — online booking site directly recovers missed appointments",unknown,https://www.facebook.com/beautbeach/
The Hair Lounge Southbourne,South England & Scotland — Beauty & Wellness,Hair salon,"182 Seabourne Road, Pokesdown, Bournemouth BH5 2JB",thehairlounge182@gmail.com,01202 421902,Facebook page + Fresha marketplace listing; no own website,"Search shows presence only on Facebook, Fresha and review aggregators (29 reviews on Birdeye); email thehairlounge182@gmail.com shown in Facebook search snippet","Full-service salon (extensions, balayage, keratin — high-ticket services) relying on Fresha; own site with booking keeps margin on premium treatments",unknown,https://www.facebook.com/thehairloungesouthbourne/
The Old School Barbershop,South England & Scotland — Beauty & Wellness,Barber,"113 Cowgate, Kirkintilloch, Glasgow G66 1JD",Theoldschoolglasgow@gmail.com,,Facebook page + Fresha booking page + Kirkintilloch BID directory listing; no own website,Website search returned only Facebook and Fresha (paying marketplace fees for bookings); email Theoldschoolglasgow@gmail.com shown in Facebook search snippet,"Self-described award-winning barbershop with established trade, entirely dependent on Fresha for online bookings — own booking site removes commission",unknown,https://www.facebook.com/theoldschoolglasgow/
Upper Cuts West End Barbershop,South England & Scotland — Beauty & Wellness,Barber,"166 Archerhill Road, Glasgow G13 3JG",Uppercutswestendbarbershop@gmail.com,+44 7385 231420,"Facebook page + Fresha listing + directory entries (Cylex, Shoogle); no own website (uppercutsbarbershop.uk is a different business)",Search returned only Facebook/Fresha/directories for this address; a similarly named competitor owns uppercutsbarbershop.uk; email shown in Facebook search snippet,Open 6 days with walk-in and booked trade via Fresha; name confusion with another 'Uppercuts' site means they lose customers — own domain fixes both,unknown,https://www.facebook.com/uppercutswestendbarbershop/
Bishopbriggs Barber Shop,South England & Scotland — Beauty & Wellness,Barber,"Unit 1, 30 Wellington Road, Bishopbriggs, Glasgow G64 2SA",bishopbriggsbarbershop04@gmail.com,07786 985133,Facebook page + Nearcut booking subdomain (bishopbriggsbarbershop.nearcut.com); no own website,Only web presence is Facebook and a nearcut.com booking subdomain — no branded domain or site; email bishopbriggsbarbershop04@gmail.com shown in Facebook search snippet,Already pays for and actively uses an online booking tool (Nearcut) and has strong reviews — proven willingness to spend on digital; needs a proper site fronting it,unknown,https://www.facebook.com/thebriggsbarbers/
Lashes by Ann Eyelash Extensions,South England & Scotland — Beauty & Wellness,Lash technician / training,Edinburgh,lashesbyann.edinburgh@gmail.com,,Facebook page + free Square Online site (lashes-by-ann-edinburgh.square.site) for appointments,Only site is a free square.site builder subdomain; otherwise Facebook; email lashesbyann.edinburgh@gmail.com shown in Facebook search snippet,Sells both lash services and training courses (higher ticket) from a free subdomain that undermines pricing power — a branded site lifts course conversions,sole trader,https://www.facebook.com/LashesByAnnEyelashExtensions/
Athena Hair Aberdeen,South England & Scotland — Beauty & Wellness,Hair salon,"3 St Devenick's Place, Cults, Aberdeen AB15 9LN",athenahairaberdeen@gmail.com,+44 7548 295894,Facebook + Instagram (@athenahairaberdeen) + Fresha booking pages; no own website (hairbyathena.com is an unrelated US business),"Search returned only Facebook, Instagram, Fresha and directories; bookings run through stylists' individual Fresha pages; email athenahairaberdeen@gmail.com shown in Facebook search snippet",Studio salon offering bridal and extension services (high-value bookings) with fragmented Fresha-only presence — one branded site with unified booking is an easy sell,unknown,https://www.facebook.com/p/Athena-Hair-Aberdeen-100065379012724/
Christina Hair and Beauty Salon,South England & Scotland — Beauty & Wellness,Hair & beauty salon,"9 Ashvale Place, Aberdeen AB10 6QD",kristinekudojara75@gmail.com,+44 7519 280190,Facebook page + Fresha and Booksy marketplace listings + Groupon; no own website,"Search shows presence only on Facebook, Fresha, Booksy and Groupon — paying commission on multiple marketplaces and discounting via Groupon; email kristinekudojara75@gmail.com shown in Facebook search snippet","Unisex salon open 6 days, currently splitting bookings across two commission platforms plus Groupon discounts — own site consolidates and protects margin",unknown,https://www.facebook.com/Christinahairandbeautysalon/
Perfect Nails,South England & Scotland — Beauty & Wellness,Nail salon,"18 Union Street, Dundee DD1 4BH",perfectnails120126@gmail.com,07907 651888,"Facebook page + free Weebly site (perfectnailssalon.weebly.com) + Fresha listing; no online booking ('online booking unavailable, call to book')",Directory listings confirm website is a free weebly.com subdomain and that online booking is unavailable — phone-only bookings; email perfectnails120126@gmail.com shown in Facebook search snippet,City-centre salon open 6 days taking every booking by phone from a free Weebly page — direct revenue case for a real site with booking,unknown,https://www.facebook.com/perfectnails1819/
Sky Nails & Spa Dundee,South England & Scotland — Beauty & Wellness,Nail salon,"26 Whitehall Crescent, Dundee DD1 4AY",kimcuongdiamond2019@gmail.com,01382 224512,Facebook page + Fresha marketplace listing; no own website found,"Website search returned only Facebook, Fresha and local directories — online bookings exclusively through Fresha (commission); email kimcuongdiamond2019@gmail.com shown in Facebook and Fresha search snippets",City-centre salon with a wide service menu (12+ treatment types) fully dependent on a commission marketplace for online bookings — own booking site pays for itself,unknown,https://www.facebook.com/p/Sky-Nails-Spa-Dundee-100063661474512/
Clean-ease & Maintenance,North & Midlands — Services,Cleaning services,Manchester (covers all Greater Manchester),Cleaneasemanchester@gmail.com,07578654770,"Nextdoor business page only (Neighbourhood Favourite 2023); gmail address and mobile number, no own website found","Offers domestic, office, commercial, oven, carpet and builders cleans across all of Greater Manchester but is invisible outside Nextdoor; relies on a free gmail address",Multi-service cleaning outfit with commercial clients and a 2023 Neighbourhood Favourite badge - established enough to fund a lead-generating site to compete with franchised cleaners in Manchester,sole trader,https://nextdoor.co.uk/pages/clean-ease-manchester-gb-eng/
CJ's Man and Van,North & Midlands — Services,Removals / man and van,"Aigburth, Liverpool (L17)",cjsmanandvan.liv@gmail.com,07941385467,"Facebook page, Nextdoor page, Instagram (@cjsmanandvan) and a Bark profile; no website","Does A-to-B moves anywhere plus gazebo hire and student discounts, with good reviews, but bookings run entirely through social media and a gmail address",Active on four platforms and paying for Bark leads already - a cheap quote-form website would cut their per-lead cost and capture Liverpool student-move searches,sole trader,https://nextdoor.co.uk/pages/cjs-man-and-van-liverpool-gb-eng/
Hughes & Son Exterior Cleaning,North & Midlands — Services,Cleaning services (exterior / driveway),"Haughton Green, Denton, Greater Manchester",hughesandsonclean@gmail.com,07956034636,Nextdoor business page only; no website found,Family-run driveway and exterior cleaning specialists marketing purely through Nextdoor with a gmail contact,Driveway/pressure-washing jobs are high-ticket (hundreds of pounds each) and before/after photo galleries convert well - a simple portfolio site pays for itself in one or two jobs,sole trader,https://nextdoor.co.uk/pages/hughes-son-exterior-cleaning-manchester-gb-eng/
Learn with Tom Driving School,North & Midlands — Services,Driving instructor,Manchester,learnwithtom1@gmail.com,,Nextdoor business page only; no website found,"DBS-checked, first-aid-trained instructor teaching beginners through to refresher pupils, but discoverable only via Nextdoor and a gmail address","Driving lessons are booked by web search in a competitive Manchester market where rivals (RED, L Team, Suja) all have booking sites; recurring lesson revenue supports a modest site spend",sole trader,https://nextdoor.co.uk/pages/learn-with-tom-driving-school/
Rox Handyman Services,North & Midlands — Services,Handyman,"Coventry, West Midlands",roxhandymanservices@gmail.com,07990158186,Nextdoor business page only; no UK website found,"Certified and insured handyman offering painting, plumbing fixes, flat-pack assembly, TV mounting and tech help - a wide service list with nowhere online to present it","Broad, repeatable service menu suits a one-page site with price list and WhatsApp/quote button; insured-and-certified positioning suggests a professionalised operation willing to invest",sole trader,https://nextdoor.co.uk/pages/rox-handyman-services/
T & T Handyman Huddersfield,North & Midlands — Services,Handyman,"Huddersfield, West Yorkshire",tandthandymanhuddersfield@gmail.com,07736611705,Nextdoor business page only; no website found,"Trading under a town-branded name with only a Nextdoor listing, gmail address and mobile - no way to rank for 'handyman Huddersfield' searches","Business name is literally its target search keyword, so a basic local-SEO site would deliver obvious, measurable benefit - an easy pitch",sole trader,https://nextdoor.co.uk/pages/t-t-handyman-huddersfield-huddersfield-gb-eng/
The Lumberjack Bros Ltd,North & Midlands — Services,Tree surgery / garden services,"Sheffield, South Yorkshire",thelumberjackbrosltd@gmail.com,,Nextdoor business page only; no website found,"Family-owned tree care and garden services firm serving domestic and commercial clients with no site to show insurance, qualifications or job photos","Registered limited company chasing commercial tree-work contracts - clients expect proof of NPTC certs and insurance online, and tree jobs are high-value (500-2000+ pounds)",ltd company,https://nextdoor.co.uk/pages/the-lumberjack-bros-ltd-sheffield-england/
The Lock-man,North & Midlands — Services,Locksmith,"Lincoln, Lincolnshire (East Midlands)",theuklockman@gmail.com,,Nextdoor business page only; no website found,"45+ years in the trade covering lock-outs, lost keys, uPVC and glazing repairs, yet no web presence beyond Nextdoor to capture urgent 'locksmith Lincoln' searches",Emergency locksmith work is won almost entirely by whoever appears first in a panicked mobile search; decades of trade credibility gives strong content for a converting one-pager,sole trader,https://nextdoor.co.uk/pages/the-lock-man-lincoln-gb-eng/
Yard & Forecourt Cleaning Services,North & Midlands — Services,Gardening / outdoor cleaning and maintenance,"Stoke-on-Trent, Staffordshire (covers Newcastle-under-Lyme, Stafford, Stone, Crewe)",yardandforecourt@gmail.com,,Nextdoor business page only; no website found,"Advertises gardening, rubbish removal and fence/gate repairs across a wide Staffordshire/Cheshire patch but has no site covering those service areas","Serves eight named towns - a multi-location service-area website is the standard tool for that footprint, and forecourt work implies commercial clients who check suppliers online",sole trader,https://nextdoor.co.uk/pages/yard-and-forecourt-cleaning-services-stoke-on-trent-england/
Merit Removals Man And Van (Malik Motors Properties Ltd),North & Midlands — Services,"Removals / man and van, junk removal","Stockport, Greater Manchester (SK6)",malikmotors.properties@gmail.com,,"Nextdoor business page only (page registered under Malik Motors Properties Ltd, trading as Merit Removals Man And Van); no website found",Removals and junk-hauling service using a mismatched company gmail address and a single Nextdoor listing - confusing branding and zero search visibility,"Ltd-company owner with property interests running a consumer-facing removals brand; a branded domain, email and site would fix an obvious trust problem when quoting jobs",ltd company,https://nextdoor.co.uk/pages/malik-motors-properties-ltd-stockport-gb-eng/
House To Home Cleaning,North & Midlands — Services,Cleaning services,"Wythenshawe, Manchester (M23)",housetohomemcr@gmail.com,07736761812,Nextdoor business page and Instagram (@housetohomemcr); no own website - the similarly named housetohomecleaningmanchester.co.uk belongs to a different company (Bee Cleaning Manchester),"Tailored domestic cleaning team relying on Nextdoor and Instagram; a near-identical domain is already occupied by a competitor, actively diverting their brand searches","A competitor trading on almost the same name online is a concrete, explainable revenue leak - securing their own domain and site is an urgent, easy-to-sell fix",sole trader,https://nextdoor.co.uk/pages/house-to-home-cleaning-wythenshawemanchester-england/
Ef cleans,North & Midlands — Services,Cleaning services,"Leeds, West Yorkshire",Efcleans21@gmail.com,,Nextdoor business page only (10 faves from neighbours); no website found,"Offers weekly/fortnightly cleans, deep cleans, end-of-tenancy, builders cleans, hoarder and bereavement cleans plus Airbnb changeovers - a full service list with no site to book from","Airbnb and end-of-tenancy cleaning are contract-style recurring revenue; landlords and hosts search online and expect a bookable website, making ROI easy to demonstrate",sole trader,https://nextdoor.co.uk/pages/kj-cleans-leeds-gb-eng/
Smith's Van Man,North & Midlands — Services,Removals / man and van,"Leeds, West Yorkshire",Smithsvanman@gmail.com,,Nextdoor business page only; no website found,"Family-run since 2019, licensed waste carrier doing house moves, furniture pickups and rubbish removal, but bookable only via Nextdoor/gmail",Six years established with a waste-carrier licence to showcase; Leeds man-and-van searches are high volume and competitors with basic sites are taking that traffic,sole trader,https://nextdoor.co.uk/pages/smiths-van-man-leeds-gb-eng/
A. Baxter Garden Services,North & Midlands — Services,Gardener,"Birmingham, West Midlands",abaxtergardenservices@gmail.com,07960411327,Nextdoor business page only (Neighbourhood Favourite 2023); no website found,RHS-trained gardener with years of experience whose only online proof of that qualification is a Nextdoor listing,RHS training is a premium differentiator wasted without a website; regular maintenance rounds mean steady cashflow and appetite for filling schedule gaps with better-paying clients,sole trader,https://nextdoor.co.uk/pages/alexander-baxter-birmingham-england/
A K Hughes Landscapes and Handyman Services,North & Midlands — Services,Landscaping / handyman,"Wythenshawe/Cheadle area, Greater Manchester (M22)",arranhughes02@gmail.com,,Nextdoor business page only; no website found,"Landscaping, handyman and general contracting services covering the Cheadle and Wilmslow area, advertised solely through Nextdoor with a personal gmail",Targets affluent Cheadle/Wilmslow postcodes where landscaping projects run into thousands of pounds and clients vet tradespeople online before inviting quotes,sole trader,https://nextdoor.co.uk/pages/a-k-hughes-landscapes-and-handyman-services-manchester-gb-eng/
Cake Sisters Birmingham,North & Midlands — Services,Caterer / celebration cakes and bakes,"Birmingham, West Midlands",cakesistersbirmingham@gmail.com,,Nextdoor business page and Instagram (@cakesistersbirmingham); fully insured and licensed but no functioning own website found (cakesisters.co.uk belongs to an unrelated business),"Family bakery delivering brownies, tray bakes, cupcakes and drip cakes across Birmingham postcodes, taking all orders through Instagram DMs and gmail","Order-based product business that loses sales without a menu, pricing and order form online; even a simple e-commerce page directly increases order volume, and the .co.uk-style names are being taken by others",sole trader,https://nextdoor.co.uk/pages/cake-sisters-birmingham-birmingham-england/
B.P.S.S. UK Ltd (Burnham Pest Solution Services),North & Midlands — Services,Pest control (home services),"Solihull, West Midlands",bpssukltd@hotmail.com,,"NPTA directory listing, Hello Solihull directory entry and Facebook page; no website found",BPCA/NPTA-member pest controller for commercial and residential properties relying on trade-association directories and a hotmail address for enquiries,Limited company with commercial contracts and professional-body memberships to display; pest emergencies are searched online and every serious competitor in the West Midlands has a site,ltd company,https://www.npta.org.uk/pest-controller/b-p-s-s-uk-ltd/
Sprintmove Ltd,North & Midlands — Services,"Removals / man and van, house clearance","Ainsdale, Southport, Merseyside (covers Liverpool, Wigan, Chorley, Wirral)",sprintmoveltd@gmail.com,07947199329,Nextdoor page plus a very dated DIY template site (sprintmoveltd.co.uk with raw index.php URLs); still uses a gmail address rather than domain email,Fully licensed and insured waste carrier and removals firm whose current self-built site is outdated keyword-stuffed boilerplate that undermines trust and doesn't convert,"Has already tried to invest in a website once, proving willingness to spend; a redesign pitch (modern quote form, review integration, domain email) addresses a problem they can see themselves",ltd company,https://nextdoor.co.uk/pages/sprintmove-ltd-man-van-for-hire/
Dan's Mobile Mechanics,North & Midlands — Services,Mobile mechanic,"Sutton Coldfield, Birmingham (B73)",,07827774905,Nextdoor business page and Facebook page; no proper website found,"Offers servicing, brakes, clutches, gearboxes, diagnostics and an MOT drop-off/delivery service, but has no site to list services, prices or service area",Mobile mechanics compete directly with ClickMechanic-style platforms that take commission; an own-brand booking site keeps the full job value and captures 'mobile mechanic Sutton Coldfield' searches,sole trader,https://nextdoor.co.uk/pages/d-m-mobile-vehicle-repairs-and-servicing/
Northeast Gardening Services,North & Midlands — Services,Gardener,"Newcastle upon Tyne, Tyne and Wear (covers most of the North East)",,07960071729,Nextdoor business page and Facebook page; no website found,"Two-man team with 10+ years' experience covering most of the North East, marketing only through Nextdoor and Facebook with a phone number",Region-wide coverage ambition ('most of the northeast') needs search visibility beyond neighbourhood apps; young team building a growing business is a classic first-website buyer,sole trader,https://nextdoor.co.uk/pages/northeast-gardening-services/
JW Henshaw Traditional Family Butchers,"Wales, Scotland & North — Retail/Produce",butcher,"Aughton, Ormskirk, Lancashire (North West England)",jwhenshaw.aughton@gmail.com,01695 423353,"No website. Facebook page (facebook.com/jwhenshawbutchers) and directory listings only (Cylex, The Guide Liverpool, BeeLocal); uses a personal Gmail for enquiries.","Award-winning craft butcher (master butcher James Henshaw, sausages and ham cured on premises) with strong reviews but zero owned web presence; email verified via exact-match search on Cylex/The Guide Liverpool listings.","Premium butcher in an affluent West Lancashire commuter village; a site with click-and-collect, weekly meat boxes and a Christmas order book would directly convert its award reputation into revenue.",sole trader,https://aughton-west-lancashire.cylex-uk.co.uk/company/jw-henshaw-traditional-family-butchers-27745981.html
Ludbrook's Farm Shop,"Wales, Scotland & North — Retail/Produce",farm shop,"Cliffe Farm, Cottingley Cliffe Road, Bingley, West Yorkshire",ludbrooksfarmshop@gmail.com,01274 589325,"No website. Facebook and Instagram pages plus directory listings (Cylex, Yell, Farm Shop Finder, FarmingUK).","Family-run farm shop open 7 days selling home-produced meat, pies, jams and veg, but reachable only via Gmail/Facebook; email verified via exact-match search (Cylex Bingley listing).","Trades 7 days a week on home-reared meat near Bradford/Leeds commuter belt; online meat-box ordering, click-and-collect and Christmas order forms are proven revenue lines for farm shops this size.",unknown,https://bingley.cylex-uk.co.uk/company/ludbrook's-farm-shop-26909545.html
Eastfield Farm Soft Fruit (Brittain's Berries site),"Wales, Scotland & North — Retail/Produce",farm shop / pick-your-own soft fruit,"Tickhill, Doncaster, South Yorkshire",strawberryj8@aol.com,01302 751729,Facebook page and a landing page on the PYO operator's site (brittainsberries.co.uk); the farm shop itself has no site of its own and lists an AOL email on the localhoneyfinder.org directory.,"Farm shop, tearoom, PYO strawberries/pumpkins and honey sold via an AOL address and Facebook events; heavy seasonal footfall managed with no owned booking or ordering channel.","Seasonal PYO and pumpkin-patch businesses monetise online slot booking, pre-orders and gift produce; a proper site would capture the June-October rush and Christmas produce orders.",sole trader,https://www.localhoneyfinder.org/UKyorks.php
The Village Farm Shop,"Wales, Scotland & North — Retail/Produce",farm shop / deli,"6 Front Street, Embleton, Alnwick, Northumberland",info@thevillagefarmshop.com,01665 576215,No proper site of its own: relies on pages hosted on the family farm's site (embletonmill.com) and a basic non-HTTPS page at thevillagefarmshop.com; also on Visit Northumberland and TripAdvisor.,"Recently refurbished village shop with deli, local cheeses, smoked fish and in-store Post Office, but its own domain is a bare non-HTTPS page and content lives on the farm's holiday-lets site; email verified on embletonmill.com shop pages.","Sits on the Northumberland coast tourist trail (Dunstanburgh Castle/Embleton Bay holiday traffic); a dedicated site with hampers, picnic pre-orders and click-and-collect would capture high-spending visitors.",unknown,https://www.embletonmill.com/village-farm-shop/
Badger Hill Butchers,"Wales, Scotland & North — Retail/Produce",butcher,"37 Yarburgh Way, Badger Hill, York, North Yorkshire",simonsimpson9611@gmail.com,01904 411897,Old domain badger-hill-butchers.co.uk now resolves to a ww1. parking page (dead/expired site); active presence is Facebook plus directory listings showing owner's personal Gmail.,"Family butcher trading since the 1920s with homemade pies and strong reviews, whose former website is parked/broken and whose public contact is a personal Gmail on Cylex/York Mumbler listings.",Established York suburb butcher losing its old web address; a modern site with click-and-collect pies/meat and Christmas ordering would recover lost search traffic in a city with strong food culture.,sole trader,https://york.cylex-uk.co.uk/company/badger-hill-butchers-13780551.html
Firs Farm (farm shop),"Wales, Scotland & North — Retail/Produce",farm shop,"Ringinglow Road, Sheffield, South Yorkshire",firsfarm@btinternet.com,0114 230 1169,"Clearly dated static site at firsfarmsheffield.co.uk (non-HTTPS, old .html pages); listed on Produce & Provide and Food Finders Hub directories.","Family farm selling home-reared beef, lamb, Christmas turkeys and geese through a legacy hand-built site with a BT Internet email; no online ordering despite an order-driven Christmas trade.","Christmas turkey/goose pre-orders are their core seasonal revenue and are still taken by phone; an online order form and deposit payments is an easy, high-value sell on the edge of the Peak District.",sole trader,http://www.firsfarmsheffield.co.uk/location.html
Haytons Butchers Staveley,"Wales, Scotland & North — Retail/Produce",butcher,"12 Main Street, Staveley, Kendal, Cumbria (Lake District)",haytonsbutchers@gmail.com,,"No website; Facebook page only (facebook.com/HaytonsButchersLakeDistrict), with Gmail contact shown on the page.",Village butcher in the Lake District National Park with no owned web presence at all; email verified by exact-match search returning their Facebook pages.,"Staveley is a busy Lakes tourist and holiday-cottage village; a simple site with BBQ packs, holiday-let welcome boxes and click-and-collect would monetise year-round visitor trade.",unknown,https://www.facebook.com/HaytonsButchersLakeDistrict/
Sakura Cakery,"Wales, Scotland & North — Retail/Produce",cake maker,"Cardiff, South Wales",sakuracakery@hotmail.com,07974 988988,Facebook page only (facebook.com/Madame8utterflyCakery); no website.,"Fresh-cream cakes made to order, taken only via Hotmail address and phone shown on Facebook; email verified by exact-match search.","Made-to-order celebration cake businesses convert well with an enquiry/booking site, gallery and deposit payments; Cardiff is a large wedding and birthday market.",sole trader,https://www.facebook.com/Madame8utterflyCakery/
Prestatyn Butchers,"Wales, Scotland & North — Retail/Produce",butcher,"140 High Street, Prestatyn, Denbighshire, North Wales",prestatynbutchers@gmail.com,01745 854171,Basic brochure site (prestatynbutchers.co.uk) where Christmas orders are handled via a downloadable PDF form; active Facebook and Instagram; contact is a Gmail address.,Award-winning butcher already offering free local delivery and Christmas hampers but with no e-commerce - customers must print a PDF order form; email verified via exact-match search (localfreshfoods.co.uk listing and Facebook).,"They demonstrably want orders (PDF forms, hampers, free delivery) - replacing that with online ordering/click-and-collect is a direct, measurable upgrade in a seaside town with holiday-park trade.",unknown,https://www.prestatynbutchers.co.uk/
T J Roberts & Son Family Butchers,"Wales, Scotland & North — Retail/Produce",butcher,"Tryweryn House, 8 Station Road, Bala, Gwynedd (Snowdonia National Park)",bala@welshqualitymeat.co.uk,01678 520471,"Clearly dated early-2000s website at welshqualitymeat.co.uk (legacy .aspx pages, e.g. contact_us-6.aspx, buy_our_products_-4.aspx).",Traditional family butcher in the heart of Snowdonia running on an obsolete .aspx site; email shown on the site's contact page and directory listings.,"Bala's tourist and outdoor-activity trade plus quality local Welsh lamb/beef make online meat boxes, hampers and click-and-collect viable; the current site actively undermines a premium brand.",unknown,https://www.welshqualitymeat.co.uk/contact_us-6.aspx
Bridgend Bakestones,"Wales, Scotland & North — Retail/Produce",bakery (Welsh cakes and bara brith),"Bridgend, South Wales",annebinding63@gmail.com,,"Facebook page only (facebook.com/Bakestones, 3,000+ likes); no website.",Family-run maker of homemade Welsh cakes and bara brith trading solely off a Facebook page with a personal Gmail shown as contact (email captured from Facebook page snippet in search results).,"Welsh cakes and bara brith ship well - postal gifting, wedding favours and tourist orders are proven revenue for competitors with websites; even a simple order site would open UK-wide sales.",sole trader,https://www.facebook.com/Bakestones/
The Flower Lady,"Wales, Scotland & North — Retail/Produce",florist,North Wales (mobile/home studio),theflowerladynorthwales@gmail.com,,Facebook page only (100% recommend rating); no website.,Floral design business serving North Wales operating entirely through Facebook with a Gmail contact; email verified by exact-match search returning the Facebook page.,"Florists live on occasion orders (weddings, funerals, birthdays); an order/enquiry site with a gallery and online payment captures customers who won't transact through Facebook Messenger.",sole trader,https://www.facebook.com/theflowerladynorthwales/
G R Brown Butchers (Gordon R Brown (Butchers) Ltd),"Wales, Scotland & North — Retail/Produce",butcher,"665a Clarkston Road, Netherlee, Glasgow, plus 12 Glasgow Road, Eaglesham, East Renfrewshire, Scotland",grbbutchers@gmail.com,,"No website; Facebook (facebook.com/grbrownbutchers) and Instagram only, plus directory listings. Registered at Companies House as GORDON R BROWN (BUTCHERS) LTD (SC764357).","Award-winning dry-ageing/full-carcase butcher serving East Renfrewshire for 50 years, two shops, own pies and sausages - and no website; Gmail contact shown on their Facebook page (captured via search snippet).","Two-shop incorporated butcher in affluent Glasgow suburbs with a premium dry-aged offer; online ordering, delivery slots and Christmas order books are standard paid upgrades at this size.",ltd company,https://www.facebook.com/grbrownbutchers/
Blooming Mad,"Wales, Scotland & North — Retail/Produce",florist,"Glasgow, Scotland",bloomingmadglasgow@gmail.com,,"Facebook page only (100% recommend rating, 17 reviews); no website.","Studio florist covering weddings, funerals and events with delivery across Glasgow, contactable only via Gmail/Facebook; email verified by exact-match search returning the Facebook page.",Glasgow wedding/event floristry is competitive and search-driven; a portfolio site with enquiry forms and online deposits directly wins bookings currently lost to florists with websites.,sole trader,https://www.facebook.com/bloomingmadglasgow/
The Skye Bakehouse,"Wales, Scotland & North — Retail/Produce",bakery,"Bog Myrtle, Isle of Skye, Highland, Scotland",theskyebakehouse@gmail.com,,"Facebook and Instagram (3,200+ followers) only; no website.","Independent organic sourdough bakery on Skye selling out limited bakes announced on social media, with only a Gmail contact; email verified by exact-match search.",Skye's huge tourist volume plus scarce artisan bread supply makes pre-order/click-and-collect and wholesale enquiry pages genuinely revenue-generating; social-only presence loses visitor search traffic.,sole trader,https://www.facebook.com/theskyebakehouse/
Sunrise Bakehouse,"Wales, Scotland & North — Retail/Produce",bakery,"Burntisland, Fife, Scotland",sunrisebakehousefife@gmail.com,,Facebook and Instagram only; no website. Opens Thursday-Saturday.,Family-owned artisan sourdough and cinnamon-bun bakery trading three days a week entirely through social media with a Gmail contact; email verified by exact-match search.,"Limited opening days suit a pre-order/collection model perfectly - a simple ordering site would smooth demand, cut waste and capture Fife coastal-path tourist trade.",unknown,https://www.facebook.com/sunrisebakehousefife/
Highland Gift Company,"Wales, Scotland & North — Retail/Produce",gift shop,"Invergordon, Easter Ross, Highland, Scotland",highlandgiftcompany1@gmail.com,07999 807271,"Facebook page only; no website (email and mobile shown on the Facebook page, captured via search snippet).",Gift shop in a Highland cruise-ship port town with no web presence beyond Facebook and a Gmail/mobile contact.,Invergordon receives large cruise-liner footfall seeking Scottish gifts; an online shop with Highland gifts/hampers extends that seasonal trade to year-round postal sales.,sole trader,https://www.facebook.com/100091917047072
Magness Butchers,"Wales, Scotland & North — Retail/Produce",butcher,"96 John Street, Porthcawl, Bridgend, South Wales",,01656 783828,"Facebook page whose username still references www.magnessbutchers.co.uk, but no working website was found in searches; otherwise only directory listings (Cylex, Yell, 192.com).","Established town-centre butcher whose old domain appears defunct - the Facebook handle points at a website that no longer surfaces anywhere, leaving phone-only contact.",Porthcawl is a seaside resort with strong summer/BBQ trade and caravan-park tourism; restoring a proper site with click-and-collect and holiday BBQ packs recovers a web presence they previously invested in.,sole trader,https://porthcawl.cylex-uk.co.uk/company/magness-butchers-26591406.html
Cwmcerrig Farmshop and Grill,"Wales, Scotland & North — Retail/Produce",farm shop,"Cwmcerrig Farm, Gorslas, Llanelli, Carmarthenshire, Wales",,01269 844405,Dated non-HTTPS website at cwmcerrigfarmshop.co.uk with no online ordering and no public email; active Facebook page.,"Award-winning farm shop and grill whose site is an old insecure brochure page - no email published anywhere, no e-commerce, contact by phone only.","A destination farm shop with an attached grill restaurant has clear upsells - table booking, butchery counter pre-orders, hampers - none of which the current dated site supports.",unknown,http://www.cwmcerrigfarmshop.co.uk/
Bendochy Farm Shop,"Wales, Scotland & North — Retail/Produce",farm shop,"Bendochy Park, Myreriggs, Coupar Angus, Perthshire, Scotland",,,Facebook and Instagram pages plus a single page on the holiday park's site (bendochypark.co.uk/Farm-Shop); no website or public email of its own.,"Registered farm shop (FSA-rated) serving a holiday lodge park near Blairgowrie, discoverable only via Facebook and a page buried on the park's website.","Captive holiday-park guest audience plus Blairgowrie soft-fruit country location suit pre-arrival grocery boxes, hampers and click-and-collect; currently invisible to visitors searching online.",unknown,https://www.facebook.com/bendochyfarmshop/
Auto-Safe (Newton) Ltd (Autosafe MOT Station),UK-wide — Niche services,Garage / MOT centre,"Newton Brae, Westburn Road, Cambuslang, Glasgow G72 7UW",AutosafeMotstation@gmail.com,0141 641 2626,"Facebook page (facebook.com/AutosafeMotstation), Instagram (@autosafemot) and MOT directory listings only; no own website found","Family-run MOT/servicing garage (25+ years) relying entirely on Facebook and third-party MOT directories (mot.tools, cylex, city-advisor) for online presence; email verified on its Facebook page via exact-match search",Established Class 4/7 MOT station with steady bookings and free pick-up/drop-off service; a site with online MOT booking would capture 'MOT Cambuslang' searches currently lost to directories,ltd company,https://www.facebook.com/AutosafeMotstation/
Cardiff Garage & MOT Centre Ltd,UK-wide — Niche services,Garage / MOT centre,"Unit 29 Old Thayers Site, Pwllmawr Court, Rumney, Cardiff CF3 2ED",Cardiffgaragerumney@gmail.com,07779 535290,Facebook page (facebook.com/cardiffgarage) and MOT directory listings (motcentre.info) only; no own website found,"Exact-match search confirms Cardiffgaragerumney@gmail.com is shown as the contact email on the Facebook page of Cardiff Garage & MOT Centre LTD; competitors in Rumney (Rumney Test & Service Centre, Rumney Automotive, CF3 MOT) all have websites",MOT-testing garage in a Cardiff suburb where at least three direct local rivals rank with proper booking websites; clear competitive pressure to get found in local search,ltd company,https://www.facebook.com/cardiffgarage/
Maltings Garage,UK-wide — Niche services,Garage / MOT centre,"Station Road, Sawbridgeworth, Hertfordshire CM21 9JX",themaltingsgarage1@gmail.com,01279 725555,"Facebook page (facebook.com/maltingsgarage.sawbridgeworth) and MOT directory listings (motcheck.org.uk, mot.tools, checkmot.com) only; no own website found","Exact-match search confirms email belongs to family-run Maltings Garage, Sawbridgeworth; all search visibility comes from third-party MOT directories rather than its own site",Long-standing DVSA MOT station in an affluent Herts commuter town; a simple site with online booking would stop directory sites monetising its own customers,unknown,https://www.facebook.com/maltingsgarage.sawbridgeworth/
Pontypridd MOT Centre Ltd (DMS MOT Centre),UK-wide — Niche services,Garage / MOT centre,"Charles Street, Pontypridd CF37 1HU",davidmspontypriddmotcentre@gmail.com,01443 402255,"Facebook page (facebook.com/dmsmotcentre), Trust My Garage / Yell / motlocal directory listings only; no own website found",Site-restricted Facebook search shows davidmspontypriddmotcentre@gmail.com listed as the contact email on the Pontypridd MOT Centre Ltd Facebook page; actively posts service offers (e.g. air-con re-gas from £39.95) on Facebook only,"Full-service garage (MOT, recovery, diagnostics, tyres) already investing in promotion via Facebook posts; a website would let its offers rank on Google instead of vanishing in feeds",ltd company,https://www.facebook.com/dmsmotcentre/
Kelham St MOT Centre,UK-wide — Niche services,Garage / MOT centre,"Unit 10, Kelham Bank, Kelham Street, Doncaster DN1 3RJ",kelhamstmotcentre@gmail.com,01302 953535,"Facebook page (facebook.com/KelhamST) and MOT directories (motremind.me, motcheck.org.uk, regit.cars) only; no own website found",Email verified on its Facebook page and repeated across directory listings; open 8am-6pm six days a week but has no owned web channel for bookings,City-centre Doncaster MOT/diagnostics/servicing garage with long opening hours; losing bookable demand to aggregators like BookMyGarage that charge commission,unknown,https://www.facebook.com/KelhamST/
Station Motors,UK-wide — Niche services,Garage / MOT centre,"Station Road, Llandeilo, Carmarthenshire SA19 3NG",stationmotorsmot@gmail.com,01558 823640,"Facebook page (facebook.com/stationmotorsmotcentre) and MOT directories (motcentre.info, mot-testers.co.uk, checkmot.com) only; directories explicitly show no website for this garage",Site-restricted Facebook search shows stationmotorsmot@gmail.com as the page's contact email; follow-up search across directories found no website URL for the business,Approved Class 1/2/4 MOT station (cars and motorbikes) serving a rural market town with few competitors; even a one-page site would own 'MOT Llandeilo' searches,unknown,https://www.facebook.com/stationmotorsmotcentre/
Manchester MOT Centre,UK-wide — Niche services,Garage / MOT centre,"Manchester, Greater Manchester",manchester.motstation@gmail.com,,Facebook page (facebook.com/manchestermotcentre) and checkmot.com/motlocal directory entries only; follow-up search found no dedicated website for this centre,Site-restricted Facebook search shows manchester.motstation@gmail.com as the page contact; 100% recommend rating from 7 Facebook reviews but zero owned web presence in a very competitive city market,"Competes against Manchester garages (motmanchester.com, absmotstation.co.uk) that advertise MOT offer prices on their own sites; needs a site just to appear in the comparison set",unknown,https://www.facebook.com/manchestermotcentre/
Claws and Paws Kennels and Cattery,UK-wide — Niche services,Kennels / cattery (pet boarding),"Gagie, by Dundee, Angus, Scotland",clawsandpaws.gagie@gmail.com,,Free Wix subdomain (clawsandpawsgagie.wixsite.com/clawsandpaws) plus Facebook page (facebook.com/clawsandpawsdundee); no own domain,Exact-match search confirms the email on their Wix free-builder site; a wixsite.com address with no custom domain signals DIY web presence that undercuts trust for a boarding business,"Boarding kennels/cattery open 7 days with appointment-based viewings; owners choosing boarding shop on trust, and a proper domain with photos, licence info and booking form directly converts",unknown,https://clawsandpawsgagie.wixsite.com/clawsandpaws
Newdowns Boarding Kennels & Cattery (Newdowns Ltd),UK-wide — Niche services,Kennels / cattery (pet boarding),"Newdowns Farm, Moor Road, Bottesford Moor, Scunthorpe, Lincolnshire DN17 2BS",newdownsboardingkennels@gmail.com,07976 236625,"Facebook page (facebook.com/newdownsbk), Yelp/cylex/dogboarders.co.uk directory listings and a bare LinkedIn page; no own website found",Email surfaced on their public Facebook page (site-restricted search) and repeated on findpetboarding.com and Yell listings; licensed by North Lincolnshire Council yet invisible outside directories,"Small family-run licensed boarder handling long- and short-stay bookings; a site showing licence, pens and prices would lift them above unlicensed home-boarders in local search",ltd company,https://www.facebook.com/newdownsbk/
Next Level School of Dance,UK-wide — Niche services,Dance school,"Dumfries and Annan, Dumfries & Galloway, Scotland",nextlevelschoolofdance@gmail.com,,"Facebook page (facebook.com/nextlevelschoolofdance), Instagram, and a ClassForKids booking subdomain (nextlevelschoolofdance.classforkids.io); no own website",Exact-match search confirms email belongs to this Dumfries school; they already pay for ClassForKids booking software but have no site to funnel parents into it,"Runs dance, acro and aerial hoop classes across two towns for ages 2-18; clear recurring-revenue business already using paid SaaS, so a marketing site is a natural next spend",unknown,https://www.facebook.com/nextlevelschoolofdance/
Attitude School of Dance,UK-wide — Niche services,Dance school,"136 Hawthorn Road, Kingstanding, Birmingham B44 8PX",attitudedancers@gmail.com,07734 886182,"Facebook page (facebook.com/Attitudeschoolofdance), NHS service-directory and IDTA school-finder listings only; no own website found (attitudedance.co.uk / attitudedanceschool.co.uk are different schools elsewhere)",Site-restricted Facebook search shows attitudedancers@gmail.com as the page contact; 18-year-old family-run school with zero owned web presence while similarly named schools own the search results,"Established school offering street, contemporary, jazz, acro and Melody Bear classes; name-collision with other 'Attitude' dance schools means they actively lose enquiries without their own site",unknown,https://www.facebook.com/Attitudeschoolofdance/
Inspiration Hagan School of Dance (Inspiration Studios),UK-wide — Niche services,Dance / performing arts school,"Burscough, Tarleton and Ormskirk, West Lancashire",Inspirationdanceschool@gmail.com,,Facebook page (facebook.com/Inspirationhagan) and Instagram (@inspiration_school_of_dance) only; follow-up search found no dedicated website,"Site-restricted Facebook search shows Inspirationdanceschool@gmail.com as the contact for this school running 40+ classes a week across three towns; local rivals (Ormskirk School of Dance, Base Dance) all have websites","Multi-site school (dance, singing, drama, acro, ages 12 months up) with real timetable complexity; a site with class schedules and enrolment forms would cut admin and win parents comparing schools online",unknown,https://www.facebook.com/Inspirationhagan/
Adventure Express Parties,UK-wide — Niche services,Children's party entertainer,Coventry and Warwickshire,gemma.adventureparties@gmail.com,07554 994362,"Facebook (facebook.com/AdventureExpressParties), Instagram (@adventure_express_parties), TikTok and coventryrocks.co.uk event listings; searches confirm no dedicated website","Exact-match search links the email to Gemma Dunleavy's Adventure Express Parties; runs ticketed seasonal events (Easter, Halloween 'Hogwarts', Christmas) promoted only through social posts",DBS-checked professional team selling party packages ages 1-14 plus ticketed public events; a site with package pricing and online ticket sales directly increases revenue per event,sole trader,https://www.facebook.com/AdventureExpressParties/
Kinga Truszkowska Children's Entertainer (Kinga Children's Party),UK-wide — Niche services,Children's party entertainer,London area (page operates in English for UK audience; exact base unconfirmed),kingachildrensparty@gmail.com,,Facebook page (facebook.com/kingachildrensparty) and Instagram only; no website found,Exact-match search associates kingachildrensparty@gmail.com with her public Facebook entertainer page; weakest-verified lead in this list - confirm location on first contact,"Solo entertainer whose bookings depend entirely on Facebook discovery; a one-page site with packages, photos and an enquiry form is a low-ticket, high-conversion pitch",sole trader,https://www.facebook.com/kingachildrensparty/
